{
    "IsEncrypted": false,
  "Values": {
    "AuthUrl": "https://login.microsoftonline.com",
    "AzureWebJobsStorage": "UseDevelopmentStorage=true",
    "FUNCTIONS_WORKER_RUNTIME": "dotnet",
    "Grant_Type": "Client_Credentials",
    "Resource": "https://optum-fhirserver-nonprod.azurehealthcareapis.com",
    "Tenant_Id": "db05faca-c82a-4b9d-b9c5-0f64b6755421",
    "Client_Id": "92c5bbe2-5333-4114-bbd4-d4072b2c7c0b",
    "Client_Secret": "JMh7Q~VLLMam51HU2glfDf31mnF3MkxwcOwSY"
  }
}