[
  {
    "racename": "Patient Declined",
    "email": "rrrr@gmail.com",
    "departmentid": "1",
    "homephone": "2342355678",
    "portalaccessgiven": false,
    "driverslicense": false,
    "workphone": "2342355680",
    "contactpreference_appointment_email": true,
    "contactpreference_appointment_sms": true,
    "contactpreference_billing_phone": true,
    "contactpreference_announcement_phone": true,
    "guarantorssn": "*****6789",
    "contactpreference_lab_sms": true,
    "guarantordob": "10/11/2010",
    "zip": "ABCDE",
    "guarantoraddresssameaspatient": true,
    "portaltermsonfile": false,
    "status": "active",
    "lastname": "Erre",
    "guarantorfirstname": "344334",
    "city": "CAMBRIDGE",
    "ssn": "*****6789",
    "guarantoremail": "rrrr@gmail.com",
    "guarantorcity": "CAMBRIDGE",
    "guarantorzip": "ABCDE",
    "sex": "M",
    "privacyinformationverified": false,
    "primarydepartmentid": "1",
    "contactpreference_lab_email": true,
    "balances": [
      {
        "balance": 0,
        "departmentlist": "1,21,102,145,148,150,157,162,166,168",
        "providergroupid": 1,
        "cleanbalance": true
      }
    ],
    "contactpreference_announcement_sms": true,
    "emailexists": true,
    "race": [
      "declined"
    ],
    "language6392code": "eng",
    "patientphoto": false,
    "contactpreference_billing_email": true,
    "mobilephone": "2342355879",
    "smsoptindate": "08/24/2021",
    "contactpreference_announcement_email": true,
    "hasmobile": true,
    "registrationdate": "08/16/2021",
    "guarantorlastname": "Erre",
    "firstname": "344334",
    "guarantorcountrycode": "USA",
    "contactpreference_appointment_phone": true,
    "patientid": "32001",
    "dob": "10/11/2010",
    "guarantorrelationshiptopatient": "1",
    "address1": "123 Any Street",
    "contactpreference_billing_sms": true,
    "guarantorphone": "2342355678",
    "altfirstname": "344334",
    "maritalstatus": "S",
    "countrycode": "USA",
    "guarantoraddress1": "123 Any Street",
    "maritalstatusname": "SINGLE",
    "consenttotext": true,
    "countrycode3166": "US",
    "contactpreference_lab_phone": true,
    "guarantorcountrycode3166": "US"
  }
]