{
  "extension": [
    {
      "valueCodeableConcept": {
        "coding": [
          {
            "system": "http://hl7.org/fhir/us/core/ValueSet/omb-race",
            "display": "Patient Declined"
          }
        ]
      },
      "url": "http://hl7.org/fhir/StructureDefinition/us-core-race"
    },
    {
      "valueCodeableConcept": {
        "text": "Unknown",
        "coding": [
          {
            "system": "http://hl7.org/fhir/v3/NullFlavor",
            "display": "Unknown",
            "code": "UNK"
          }
        ]
      },
      "url": "http://hl7.org/fhir/StructureDefinition/us-core-birth-sex"
    }
  ],
  "resourceType": "Patient",
  "name": [
    {
      "given": [
        "344334"
      ],
      "use": "official",
      "family": [
        "Erre"
      ]
    }
  ],
  "birthDate": "2010-10-11",
  "identifier": [
    {
      "system": "urn:oid:2.16.840.1.113883.3.564.195900",
      "use": "official",
      "value": "32001"
    }
  ],
  "id": "Patient-195900.1.32001",
  "address": [
    {
      "country": "UNITED STATES",
      "city": "Cambridge",
      "use": "home",
      "postalCode": "ABCDE",
      "line": [
        "123 Any Street"
      ]
    }
  ],
  "communication": [
    {
      "language": {
        "text": "English",
        "coding": [
          {
            "system": "http://tools.ietf.org/html/rfc5646",
            "display": "English",
            "code": "en"
          }
        ]
      }
    }
  ],
  "telecom": [
    {
      "use": "home",
      "system": "phone",
      "value": "234-235-5678"
    },
    {
      "use": "mobile",
      "system": "phone",
      "value": "234-235-5879"
    },
    {
      "system": "email",
      "value": "rrrr@gmail.com"
    }
  ],
  "gender": "male"
}