[
  {
    "title": "Alerts, allergies and adverse reactions",
    "allergies": [
      {
        "effectiveTime": {
          "startDate": {
            "value": "20160518000000"
          },
          "endDate": {
            "nullFlavor": "UNK"
          }
        },
        "entryRelationship": {
          "observation": {
            "typeCode": "SUBJ",
            "observation": {
              "classCode": "OBS",
              "moodCode": "EVN",
              "code": {
                "code": "420134006",
                "codeSystem": "2.16.840.1.113883.6.96",
                "codeSystemName": "SNOMED CT",
                "displayName": "Adverse Reaction"
              },
              "value": {
                "xsi:type": "CD",
                "translation": {
                  "code": "420134006",
                  "codeSystem": "2.16.840.1.113883.6.96",
                  "codeSystemName": "SNOMED CT",
                  "displayName": "Adverse Reaction",
                  "xsi:type": "CD"
                }
              },
              "participant": {
                "typeCode": "CSM",
                "participantRole": {
                  "classCode": "MANU",
                  "playingEntity": {
                    "classCode": "MMAT",
                    "code": {
                      "nullFlavor": "OTH",
                      "originalText": {
                        "reference": {
                          "value": "#allergy4_8ef87d96-c753-4ff9-9c1c-61ec7a3858b5"
                        }
                      },
                      "translation": {
                        "code": "38472-40961",
                        "codeSystem": "2.16.840.1.113883.6.69",
                        "codeSystemName": "NDC",
                        "displayName": "2nd Skin ScarGel"
                      }
                    },
                    "name": "2nd Skin ScarGel"
                  }
                }
              }
            }
          },
          "entryRelationship": {
            "typeCode": "MFST",
            "observationDiagnosis": {
              "classCode": "OBS",
              "moodCode": "EVN",
              "value": {
                "code": "UNK",
                "codeSystem": "2.16.840.1.113883.6.96",
                "codeSystemName": "SNOMED CT",
                "displayName": "hives",
                "xsi:type": "CD"
              }
            },
            "observationAssertion": {
              "typeCode": "REFR",
              "classCode": "OBS",
              "moodCode": "EVN",
              "code": {
                "code": "33999-4",
                "codeSystem": "2.16.840.1.113883.6.1",
                "codeSystemName": "LOINC",
                "displayName": "STATUS"
              },
              "value": {
                "xsi:type": "CE",
                "code": "55561003",
                "codeSystem": "2.16.840.1.113883.6.96",
                "codeSystemName": "SNOMED CT",
                "displayName": "Active",
                "participant": {
                  "typeCode": "CSM",
                  "participantRole": {
                    "classCode": "MANU",
                    "playingEntity": {
                      "classCode": "MMAT",
                      "code": {
                        "nullFlavor": "OTH",
                        "originalText": {
                          "reference": {
                            "value": "#allergy4_8ef87d96-c753-4ff9-9c1c-61ec7a3858b5"
                          }
                        },
                        "translation": {
                          "code": "38472-40961",
                          "codeSystem": "2.16.840.1.113883.6.69",
                          "codeSystemName": "NDC",
                          "displayName": "2nd Skin ScarGel"
                        }
                      },
                      "name": "2nd Skin ScarGel"
                    }
                  }
                }
              }
            }
          }
        }
      },
      {
        "effectiveTime": {
          "startDate": {
            "value": "20160518000000"
          },
          "endDate": {
            "nullFlavor": "UNK"
          }
        },
        "entryRelationship": {
          "observation": {
            "typeCode": "SUBJ",
            "observation": {
              "classCode": "OBS",
              "moodCode": "EVN",
              "code": {
                "code": "420134006",
                "codeSystem": "2.16.840.1.113883.6.96",
                "codeSystemName": "SNOMED CT",
                "displayName": "Adverse Reaction"
              },
              "value": {
                "xsi:type": "CD",
                "translation": {
                  "code": "420134006",
                  "codeSystem": "2.16.840.1.113883.6.96",
                  "codeSystemName": "SNOMED CT",
                  "displayName": "Adverse Reaction",
                  "xsi:type": "CD"
                }
              },
              "participant": {
                "typeCode": "CSM",
                "participantRole": {
                  "classCode": "MANU",
                  "playingEntity": {
                    "classCode": "MMAT",
                    "code": {
                      "nullFlavor": "OTH",
                      "originalText": {
                        "reference": {
                          "value": "#allergy3_8ef87d96-c753-4ff9-9c1c-61ec7a3858b5"
                        }
                      },
                      "translation": {
                        "code": "37803-1941-05",
                        "codeSystem": "2.16.840.1.113883.6.69",
                        "codeSystemName": "NDC",
                        "displayName": "Sulfamethoxazole"
                      }
                    },
                    "name": "Sulfamethoxazole"
                  }
                }
              }
            }
          },
          "entryRelationship": {
            "typeCode": "MFST",
            "observationDiagnosis": {
              "classCode": "OBS",
              "moodCode": "EVN",
              "value": {
                "code": "UNK",
                "codeSystem": "2.16.840.1.113883.6.96",
                "codeSystemName": "SNOMED CT",
                "displayName": "Rash",
                "xsi:type": "CD"
              }
            },
            "observationAssertion": {
              "typeCode": "REFR",
              "classCode": "OBS",
              "moodCode": "EVN",
              "code": {
                "code": "33999-4",
                "codeSystem": "2.16.840.1.113883.6.1",
                "codeSystemName": "LOINC",
                "displayName": "STATUS"
              },
              "value": {
                "xsi:type": "CE",
                "code": "55561003",
                "codeSystem": "2.16.840.1.113883.6.96",
                "codeSystemName": "SNOMED CT",
                "displayName": "Active",
                "participant": {
                  "typeCode": "CSM",
                  "participantRole": {
                    "classCode": "MANU",
                    "playingEntity": {
                      "classCode": "MMAT",
                      "code": {
                        "nullFlavor": "OTH",
                        "originalText": {
                          "reference": {
                            "value": "#allergy3_8ef87d96-c753-4ff9-9c1c-61ec7a3858b5"
                          }
                        },
                        "translation": {
                          "code": "37803-1941-05",
                          "codeSystem": "2.16.840.1.113883.6.69",
                          "codeSystemName": "NDC",
                          "displayName": "Sulfamethoxazole"
                        }
                      },
                      "name": "Sulfamethoxazole"
                    }
                  }
                }
              }
            }
          }
        }
      },
      {
        "effectiveTime": {
          "startDate": {
            "value": "20160518000000"
          },
          "endDate": {
            "nullFlavor": "UNK"
          }
        },
        "entryRelationship": {
          "observation": {
            "typeCode": "SUBJ",
            "observation": {
              "classCode": "OBS",
              "moodCode": "EVN",
              "code": {
                "code": "420134006",
                "codeSystem": "2.16.840.1.113883.6.96",
                "codeSystemName": "SNOMED CT",
                "displayName": "Adverse Reaction"
              },
              "value": {
                "xsi:type": "CD",
                "translation": {
                  "code": "420134006",
                  "codeSystem": "2.16.840.1.113883.6.96",
                  "codeSystemName": "SNOMED CT",
                  "displayName": "Adverse Reaction",
                  "xsi:type": "CD"
                }
              },
              "participant": {
                "typeCode": "CSM",
                "participantRole": {
                  "classCode": "MANU",
                  "playingEntity": {
                    "classCode": "MMAT",
                    "code": {
                      "nullFlavor": "OTH",
                      "originalText": {
                        "reference": {
                          "value": "#allergy2_8ef87d96-c753-4ff9-9c1c-61ec7a3858b5"
                        }
                      },
                      "translation": {
                        "code": "UNK",
                        "codeSystem": "2.16.840.1.113883.6.69",
                        "codeSystemName": "NDC",
                        "displayName": "Sulfa"
                      }
                    },
                    "name": "Sulfa"
                  }
                }
              }
            }
          },
          "entryRelationship": {
            "typeCode": "MFST",
            "observationDiagnosis": {
              "classCode": "OBS",
              "moodCode": "EVN",
              "value": {
                "code": "UNK",
                "codeSystem": "2.16.840.1.113883.6.96",
                "codeSystemName": "SNOMED CT",
                "displayName": "stomach upset",
                "xsi:type": "CD"
              }
            },
            "observationAssertion": {
              "typeCode": "REFR",
              "classCode": "OBS",
              "moodCode": "EVN",
              "code": {
                "code": "33999-4",
                "codeSystem": "2.16.840.1.113883.6.1",
                "codeSystemName": "LOINC",
                "displayName": "STATUS"
              },
              "value": {
                "xsi:type": "CE",
                "code": "55561003",
                "codeSystem": "2.16.840.1.113883.6.96",
                "codeSystemName": "SNOMED CT",
                "displayName": "Active",
                "participant": {
                  "typeCode": "CSM",
                  "participantRole": {
                    "classCode": "MANU",
                    "playingEntity": {
                      "classCode": "MMAT",
                      "code": {
                        "nullFlavor": "OTH",
                        "originalText": {
                          "reference": {
                            "value": "#allergy2_8ef87d96-c753-4ff9-9c1c-61ec7a3858b5"
                          }
                        },
                        "translation": {
                          "code": "UNK",
                          "codeSystem": "2.16.840.1.113883.6.69",
                          "codeSystemName": "NDC",
                          "displayName": "Sulfa"
                        }
                      },
                      "name": "Sulfa"
                    }
                  }
                }
              }
            }
          }
        }
      },
      {
        "effectiveTime": {
          "startDate": {
            "nullFlavor": "UNK"
          },
          "endDate": null
        },
        "entryRelationship": {
          "observation": {
            "typeCode": "SUBJ",
            "observation": {
              "classCode": "OBS",
              "moodCode": "EVN",
              "code": {
                "code": "416098002",
                "codeSystem": "2.16.840.1.113883.6.96",
                "codeSystemName": "SNOMED CT",
                "displayName": "drug allergy"
              },
              "value": {
                "xsi:type": "CD",
                "translation": {
                  "code": "416098002",
                  "codeSystem": "2.16.840.1.113883.6.96",
                  "displayName": "drug allergy",
                  "xsi:type": "CD"
                }
              },
              "participant": [
                {
                  "typeCode": "CSM",
                  "participantRole": {
                    "classCode": "MANU",
                    "playingEntity": {
                      "classCode": "MMAT",
                      "code": {
                        "nullFlavor": "OTH",
                        "originalText": {
                          "reference": {
                            "value": "#al3054145630007_7bd4a6d1-bdd0-4ec9-81f8-652974c7a70f"
                          }
                        },
                        "translation": {
                          "code": "668547",
                          "codeSystem": "2.16.840.1.113883.6.88",
                          "codeSystemName": "RxNorm",
                          "displayName": "Shellfish-derived Products"
                        }
                      },
                      "name": "Shellfish-derived Products"
                    }
                  }
                },
                {
                  "typeCode": "CSM",
                  "participantRole": {
                    "classCode": "MANU",
                    "playingEntity": {
                      "classCode": "MMAT",
                      "code": {
                        "nullFlavor": "OTH",
                        "originalText": {
                          "reference": {
                            "value": "#al3054145630007_7bd4a6d1-bdd0-4ec9-81f8-652974c7a70f"
                          }
                        },
                        "translation": {
                          "code": "275",
                          "codeSystem": "2.16.840.1.113883.6.65",
                          "codeSystemName": "Medispan",
                          "displayName": "Shellfish-derived Products"
                        }
                      },
                      "name": "Shellfish-derived Products"
                    }
                  }
                }
              ]
            }
          },
          "entryRelationship": {
            "observationDiagnosis": {},
            "observationAssertion": {
              "value": {
                "participant": [
                  {
                    "typeCode": "CSM",
                    "participantRole": {
                      "classCode": "MANU",
                      "playingEntity": {
                        "classCode": "MMAT",
                        "code": {
                          "nullFlavor": "OTH",
                          "originalText": {
                            "reference": {
                              "value": "#al3054145630007_7bd4a6d1-bdd0-4ec9-81f8-652974c7a70f"
                            }
                          },
                          "translation": {
                            "code": "668547",
                            "codeSystem": "2.16.840.1.113883.6.88",
                            "codeSystemName": "RxNorm",
                            "displayName": "Shellfish-derived Products"
                          }
                        },
                        "name": "Shellfish-derived Products"
                      }
                    }
                  },
                  {
                    "typeCode": "CSM",
                    "participantRole": {
                      "classCode": "MANU",
                      "playingEntity": {
                        "classCode": "MMAT",
                        "code": {
                          "nullFlavor": "OTH",
                          "originalText": {
                            "reference": {
                              "value": "#al3054145630007_7bd4a6d1-bdd0-4ec9-81f8-652974c7a70f"
                            }
                          },
                          "translation": {
                            "code": "275",
                            "codeSystem": "2.16.840.1.113883.6.65",
                            "codeSystemName": "Medispan",
                            "displayName": "Shellfish-derived Products"
                          }
                        },
                        "name": "Shellfish-derived Products"
                      }
                    }
                  }
                ]
              }
            }
          }
        }
      },
      {
        "effectiveTime": {
          "startDate": {
            "nullFlavor": "UNK"
          },
          "endDate": null
        },
        "entryRelationship": {
          "observation": {
            "typeCode": "SUBJ",
            "observation": {
              "classCode": "OBS",
              "moodCode": "EVN",
              "code": {
                "code": "419199007",
                "codeSystem": "2.16.840.1.113883.6.96",
                "codeSystemName": "SNOMED CT",
                "displayName": "allergy to substance"
              },
              "value": {
                "xsi:type": "CD",
                "translation": {
                  "code": "419199007",
                  "codeSystem": "2.16.840.1.113883.6.96",
                  "displayName": "allergy to substance",
                  "xsi:type": "CD"
                }
              },
              "participant": {
                "typeCode": "CSM",
                "participantRole": {
                  "classCode": "MANU",
                  "playingEntity": {
                    "classCode": "MMAT",
                    "code": {
                      "nullFlavor": "OTH",
                      "originalText": {
                        "reference": {
                          "value": "#al3054145630011_7bd4a6d1-bdd0-4ec9-81f8-652974c7a70f"
                        }
                      },
                      "translation": {
                        "code": "QE1QX6B99R",
                        "codeSystem": "2.16.840.1.113883.4.9",
                        "codeSystemName": "UNII",
                        "displayName": "Peanuts"
                      }
                    },
                    "name": "Peanuts"
                  }
                }
              }
            }
          },
          "entryRelationship": {
            "observationDiagnosis": {},
            "observationAssertion": {
              "value": {
                "participant": {
                  "typeCode": "CSM",
                  "participantRole": {
                    "classCode": "MANU",
                    "playingEntity": {
                      "classCode": "MMAT",
                      "code": {
                        "nullFlavor": "OTH",
                        "originalText": {
                          "reference": {
                            "value": "#al3054145630011_7bd4a6d1-bdd0-4ec9-81f8-652974c7a70f"
                          }
                        },
                        "translation": {
                          "code": "QE1QX6B99R",
                          "codeSystem": "2.16.840.1.113883.4.9",
                          "codeSystemName": "UNII",
                          "displayName": "Peanuts"
                        }
                      },
                      "name": "Peanuts"
                    }
                  }
                }
              }
            }
          }
        }
      },
      {
        "effectiveTime": {
          "startDate": {
            "nullFlavor": "UNK"
          },
          "endDate": null
        },
        "entryRelationship": {
          "observation": {
            "typeCode": "SUBJ",
            "observation": {
              "classCode": "OBS",
              "moodCode": "EVN",
              "code": {
                "code": "419199007",
                "codeSystem": "2.16.840.1.113883.6.96",
                "codeSystemName": "SNOMED CT",
                "displayName": "allergy to substance"
              },
              "value": {
                "xsi:type": "CD",
                "translation": {
                  "code": "419199007",
                  "codeSystem": "2.16.840.1.113883.6.96",
                  "displayName": "allergy to substance",
                  "xsi:type": "CD"
                }
              },
              "participant": {
                "typeCode": "CSM",
                "participantRole": {
                  "classCode": "MANU",
                  "playingEntity": {
                    "classCode": "MMAT",
                    "code": {
                      "nullFlavor": "OTH",
                      "originalText": {
                        "reference": {
                          "value": "#al3054145630013_7bd4a6d1-bdd0-4ec9-81f8-652974c7a70f"
                        }
                      },
                      "translation": {
                        "code": "AKT0E6058K",
                        "codeSystem": "2.16.840.1.113883.4.9",
                        "codeSystemName": "UNII",
                        "displayName": "Wasp"
                      }
                    },
                    "name": "Wasp"
                  }
                }
              }
            }
          },
          "entryRelationship": {
            "observationDiagnosis": {},
            "observationAssertion": {
              "value": {
                "participant": {
                  "typeCode": "CSM",
                  "participantRole": {
                    "classCode": "MANU",
                    "playingEntity": {
                      "classCode": "MMAT",
                      "code": {
                        "nullFlavor": "OTH",
                        "originalText": {
                          "reference": {
                            "value": "#al3054145630013_7bd4a6d1-bdd0-4ec9-81f8-652974c7a70f"
                          }
                        },
                        "translation": {
                          "code": "AKT0E6058K",
                          "codeSystem": "2.16.840.1.113883.4.9",
                          "codeSystemName": "UNII",
                          "displayName": "Wasp"
                        }
                      },
                      "name": "Wasp"
                    }
                  }
                }
              }
            }
          }
        }
      },
      {
        "effectiveTime": {
          "startDate": {
            "nullFlavor": "UNK"
          },
          "endDate": null
        },
        "entryRelationship": {
          "observation": {
            "typeCode": "SUBJ",
            "observation": {
              "classCode": "OBS",
              "moodCode": "EVN",
              "code": {
                "code": "419199007",
                "codeSystem": "2.16.840.1.113883.6.96",
                "codeSystemName": "SNOMED CT",
                "displayName": "allergy to substance"
              },
              "value": {
                "xsi:type": "CD",
                "translation": {
                  "code": "419199007",
                  "codeSystem": "2.16.840.1.113883.6.96",
                  "displayName": "allergy to substance",
                  "xsi:type": "CD"
                }
              },
              "participant": {
                "typeCode": "CSM",
                "participantRole": {
                  "classCode": "MANU",
                  "playingEntity": {
                    "classCode": "MMAT",
                    "code": {
                      "nullFlavor": "OTH",
                      "originalText": {
                        "reference": {
                          "value": "#al3054145630015_7bd4a6d1-bdd0-4ec9-81f8-652974c7a70f"
                        }
                      },
                      "translation": {
                        "code": "4J2I0SN84Y",
                        "codeSystem": "2.16.840.1.113883.4.9",
                        "codeSystemName": "UNII",
                        "displayName": "Wheat"
                      }
                    },
                    "name": "Wheat"
                  }
                }
              }
            }
          },
          "entryRelationship": {
            "observationDiagnosis": {},
            "observationAssertion": {
              "value": {
                "participant": {
                  "typeCode": "CSM",
                  "participantRole": {
                    "classCode": "MANU",
                    "playingEntity": {
                      "classCode": "MMAT",
                      "code": {
                        "nullFlavor": "OTH",
                        "originalText": {
                          "reference": {
                            "value": "#al3054145630015_7bd4a6d1-bdd0-4ec9-81f8-652974c7a70f"
                          }
                        },
                        "translation": {
                          "code": "4J2I0SN84Y",
                          "codeSystem": "2.16.840.1.113883.4.9",
                          "codeSystemName": "UNII",
                          "displayName": "Wheat"
                        }
                      },
                      "name": "Wheat"
                    }
                  }
                }
              }
            }
          }
        }
      }
    ]
  },
  {
    "title": "Problems",
    "problems": [
      {
        "effectiveTime": {
          "startDate": {
            "nullFlavor": "UNK"
          },
          "endDate": null
        },
        "entryRelationship": {
          "observation": {
            "typeCode": "SUBJ",
            "observation": {
              "classCode": "OBS",
              "moodCode": "EVN",
              "code": {
                "code": "282291009",
                "codeSystem": "2.16.840.1.113883.6.96",
                "codeSystemName": "SNOMED CT",
                "displayName": "Diagnosis"
              },
              "value": {
                "xsi:type": "CD"
              },
              "translation": {
                "code": "M86.139",
                "codeSystem": "2.16.840.1.113883.6.3",
                "codeSystemName": "ICD-10",
                "displayName": "Other acute osteomyelitis, unspecified radius and ulna"
              }
            }
          },
          "entryRelationship": {
            "typeCode": "REFR",
            "observation": {
              "classCode": "OBS",
              "moodCode": "EVN",
              "value": {
                "code": "55561003",
                "codeSystem": "2.16.840.1.113883.6.96",
                "codeSystemName": "SNOMED CT",
                "displayName": "Active",
                "xsi:type": "CE"
              }
            }
          }
        }
      },
      {
        "effectiveTime": {
          "startDate": {
            "nullFlavor": "UNK"
          },
          "endDate": null
        },
        "entryRelationship": {
          "observation": {
            "typeCode": "SUBJ",
            "observation": {
              "classCode": "OBS",
              "moodCode": "EVN",
              "code": {
                "code": "55607006",
                "codeSystem": "2.16.840.1.113883.6.96",
                "codeSystemName": "SNOMED CT",
                "displayName": "Problem"
              },
              "value": {
                "xsi:type": "CD"
              },
              "translation": {
                "code": "441.4",
                "codeSystem": "2.16.840.1.113883.6.103",
                "codeSystemName": "ICD9-CM",
                "displayName": "Abdominal aneurysm without mention of rupture"
              }
            }
          },
          "entryRelationship": {
            "typeCode": "REFR",
            "observation": {
              "classCode": "OBS",
              "moodCode": "EVN",
              "value": {
                "code": "55561003",
                "codeSystem": "2.16.840.1.113883.6.96",
                "codeSystemName": "SNOMED CT",
                "displayName": "Active",
                "xsi:type": "CE"
              }
            }
          }
        }
      },
      {
        "effectiveTime": {
          "startDate": {
            "nullFlavor": "UNK"
          },
          "endDate": null
        },
        "entryRelationship": {
          "observation": {
            "typeCode": "SUBJ",
            "observation": {
              "classCode": "OBS",
              "moodCode": "EVN",
              "code": {
                "code": "282291009",
                "codeSystem": "2.16.840.1.113883.6.96",
                "codeSystemName": "SNOMED CT",
                "displayName": "Diagnosis"
              },
              "value": {
                "xsi:type": "CD"
              },
              "translation": {
                "code": "D32.0",
                "codeSystem": "2.16.840.1.113883.6.3",
                "codeSystemName": "ICD-10",
                "displayName": "Benign neoplasm of cerebral meninges"
              }
            }
          },
          "entryRelationship": {
            "typeCode": "REFR",
            "observation": {
              "classCode": "OBS",
              "moodCode": "EVN",
              "value": {
                "code": "55561003",
                "codeSystem": "2.16.840.1.113883.6.96",
                "codeSystemName": "SNOMED CT",
                "displayName": "Active",
                "xsi:type": "CE"
              }
            }
          }
        }
      },
      {
        "effectiveTime": {
          "startDate": {
            "nullFlavor": "UNK"
          },
          "endDate": null
        },
        "entryRelationship": {
          "observation": {
            "typeCode": "SUBJ",
            "observation": {
              "classCode": "OBS",
              "moodCode": "EVN",
              "code": {
                "code": "55607006",
                "codeSystem": "2.16.840.1.113883.6.96",
                "codeSystemName": "SNOMED CT",
                "displayName": "Problem"
              },
              "value": {
                "xsi:type": "CD"
              },
              "translation": {
                "code": "039.2",
                "codeSystem": "2.16.840.1.113883.6.103",
                "codeSystemName": "ICD9-CM",
                "displayName": "Abdominal actinomycotic infection"
              }
            }
          },
          "entryRelationship": {
            "typeCode": "REFR",
            "observation": {
              "classCode": "OBS",
              "moodCode": "EVN",
              "value": {
                "code": "55561003",
                "codeSystem": "2.16.840.1.113883.6.96",
                "codeSystemName": "SNOMED CT",
                "displayName": "Active",
                "xsi:type": "CE"
              }
            }
          }
        }
      },
      {
        "effectiveTime": {
          "startDate": {
            "nullFlavor": "UNK"
          },
          "endDate": null
        },
        "entryRelationship": {
          "observation": {
            "typeCode": "SUBJ",
            "observation": {
              "classCode": "OBS",
              "moodCode": "EVN",
              "code": {
                "code": "282291009",
                "codeSystem": "2.16.840.1.113883.6.96",
                "codeSystemName": "SNOMED CT",
                "displayName": "Diagnosis"
              },
              "value": {
                "xsi:type": "CD"
              },
              "translation": {
                "code": "H54.40",
                "codeSystem": "2.16.840.1.113883.6.3",
                "codeSystemName": "ICD-10",
                "displayName": "Blindness, one eye, unspecified eye"
              }
            }
          },
          "entryRelationship": {
            "typeCode": "REFR",
            "observation": {
              "classCode": "OBS",
              "moodCode": "EVN",
              "value": {
                "code": "55561003",
                "codeSystem": "2.16.840.1.113883.6.96",
                "codeSystemName": "SNOMED CT",
                "displayName": "Active",
                "xsi:type": "CE"
              }
            }
          }
        }
      },
      {
        "effectiveTime": {
          "startDate": {
            "nullFlavor": "UNK"
          },
          "endDate": null
        },
        "entryRelationship": {
          "observation": {
            "typeCode": "SUBJ",
            "observation": {
              "classCode": "OBS",
              "moodCode": "EVN",
              "code": {
                "code": "282291009",
                "codeSystem": "2.16.840.1.113883.6.96",
                "codeSystemName": "SNOMED CT",
                "displayName": "Diagnosis"
              },
              "value": {
                "xsi:type": "CD"
              },
              "translation": {
                "code": "Z68.25",
                "codeSystem": "2.16.840.1.113883.6.3",
                "codeSystemName": "ICD-10",
                "displayName": "Body mass index (BMI) 25.0-25.9, adult"
              }
            }
          },
          "entryRelationship": {
            "typeCode": "REFR",
            "observation": {
              "classCode": "OBS",
              "moodCode": "EVN",
              "value": {
                "code": "55561003",
                "codeSystem": "2.16.840.1.113883.6.96",
                "codeSystemName": "SNOMED CT",
                "displayName": "Active",
                "xsi:type": "CE"
              }
            }
          }
        }
      },
      {
        "effectiveTime": {
          "startDate": {
            "nullFlavor": "UNK"
          },
          "endDate": null
        },
        "entryRelationship": {
          "observation": {
            "typeCode": "SUBJ",
            "observation": {
              "classCode": "OBS",
              "moodCode": "EVN",
              "code": {
                "code": "282291009",
                "codeSystem": "2.16.840.1.113883.6.96",
                "codeSystemName": "SNOMED CT",
                "displayName": "Diagnosis"
              },
              "value": {
                "xsi:type": "CD"
              },
              "translation": {
                "code": "I21.3",
                "codeSystem": "2.16.840.1.113883.6.3",
                "codeSystemName": "ICD-10",
                "displayName": "ST elevation (STEMI) myocardial infarction of unspecified site"
              }
            }
          },
          "entryRelationship": {
            "typeCode": "REFR",
            "observation": {
              "classCode": "OBS",
              "moodCode": "EVN",
              "value": {
                "code": "55561003",
                "codeSystem": "2.16.840.1.113883.6.96",
                "codeSystemName": "SNOMED CT",
                "displayName": "Active",
                "xsi:type": "CE"
              }
            }
          }
        }
      },
      {
        "effectiveTime": {
          "startDate": {
            "nullFlavor": "UNK"
          },
          "endDate": null
        },
        "entryRelationship": {
          "observation": {
            "typeCode": "SUBJ",
            "observation": {
              "classCode": "OBS",
              "moodCode": "EVN",
              "code": {
                "code": "282291009",
                "codeSystem": "2.16.840.1.113883.6.96",
                "codeSystemName": "SNOMED CT",
                "displayName": "Diagnosis"
              },
              "value": {
                "xsi:type": "CD"
              },
              "translation": {
                "code": "I82.601",
                "codeSystem": "2.16.840.1.113883.6.3",
                "codeSystemName": "ICD-10",
                "displayName": "Acute embolism and thrombosis of unspecified veins of right upper extremity"
              }
            }
          },
          "entryRelationship": {
            "typeCode": "REFR",
            "observation": {
              "classCode": "OBS",
              "moodCode": "EVN",
              "value": {
                "code": "55561003",
                "codeSystem": "2.16.840.1.113883.6.96",
                "codeSystemName": "SNOMED CT",
                "displayName": "Active",
                "xsi:type": "CE"
              }
            }
          }
        }
      },
      {
        "effectiveTime": {
          "startDate": {
            "nullFlavor": "UNK"
          },
          "endDate": null
        },
        "entryRelationship": {
          "observation": {
            "typeCode": "SUBJ",
            "observation": {
              "classCode": "OBS",
              "moodCode": "EVN",
              "code": {
                "code": "55607006",
                "codeSystem": "2.16.840.1.113883.6.96",
                "codeSystemName": "SNOMED CT"
              },
              "value": {
                "xsi:type": "CD"
              },
              "translation": [
                {
                  "code": "V58.69",
                  "codeSystem": "2.16.840.1.113883.6.103",
                  "codeSystemName": "ICD-9",
                  "displayName": "High risk medication use",
                  "xsi:type": "CD"
                },
                {
                  "code": "Z79.899",
                  "codeSystem": "2.16.840.1.113883.6.90",
                  "codeSystemName": "ICD-10",
                  "displayName": "High risk medication use",
                  "xsi:type": "CD"
                },
                {
                  "code": "1046151",
                  "codeSystem": "2.16.840.1.113883.3.247.1.1",
                  "codeSystemName": "IMO ProblemIT",
                  "displayName": "High risk medication use",
                  "xsi:type": "CD"
                },
                {
                  "code": "135794007",
                  "codeSystem": "2.16.840.1.113883.6.96",
                  "codeSystemName": "SNOMED CT",
                  "displayName": "High risk medication use",
                  "xsi:type": "CD"
                }
              ]
            }
          },
          "entryRelationship": {
            "typeCode": "REFR",
            "observation": {
              "classCode": "OBS",
              "moodCode": "EVN",
              "value": {
                "code": "55561003",
                "codeSystem": "2.16.840.1.113883.6.96",
                "codeSystemName": "SNOMED CT",
                "xsi:type": "CE"
              }
            }
          }
        }
      },
      {
        "effectiveTime": {
          "startDate": {
            "nullFlavor": "UNK"
          },
          "endDate": null
        },
        "entryRelationship": {
          "observation": {
            "typeCode": "SUBJ",
            "observation": {
              "classCode": "OBS",
              "moodCode": "EVN",
              "code": {
                "code": "55607006",
                "codeSystem": "2.16.840.1.113883.6.96",
                "codeSystemName": "SNOMED CT"
              },
              "value": {
                "xsi:type": "CD"
              },
              "translation": [
                {
                  "code": "V04.81",
                  "codeSystem": "2.16.840.1.113883.6.103",
                  "codeSystemName": "ICD-9",
                  "displayName": "Influenza vaccine needed",
                  "xsi:type": "CD"
                },
                {
                  "code": "Z23",
                  "codeSystem": "2.16.840.1.113883.6.90",
                  "codeSystemName": "ICD-10",
                  "displayName": "Influenza vaccine needed",
                  "xsi:type": "CD"
                },
                {
                  "code": "315835",
                  "codeSystem": "2.16.840.1.113883.3.247.1.1",
                  "codeSystemName": "IMO ProblemIT",
                  "displayName": "Influenza vaccine needed",
                  "xsi:type": "CD"
                },
                {
                  "code": "185903001",
                  "codeSystem": "2.16.840.1.113883.6.96",
                  "codeSystemName": "SNOMED CT",
                  "displayName": "Influenza vaccine needed",
                  "xsi:type": "CD"
                }
              ]
            }
          },
          "entryRelationship": {
            "typeCode": "REFR",
            "observation": {
              "classCode": "OBS",
              "moodCode": "EVN",
              "value": {
                "code": "55561003",
                "codeSystem": "2.16.840.1.113883.6.96",
                "codeSystemName": "SNOMED CT",
                "xsi:type": "CE"
              }
            }
          }
        }
      }
    ]
  },
  {
    "title": "Immunizations",
    "immunizations": []
  },
  {
    "title": "Medications",
    "medications": [
      {
        "effectiveTime": {
          "endDate": null
        },
        "consumable": {
          "manufacturedProduct": {
            "classCode": "MANU",
            "manufacturedMaterial": {
              "code": {
                "code": null,
                "codeSystem": null,
                "codeSystemName": null,
                "displayName": null
              },
              "originalText": {
                "_": "\n              Adderall",
                "reference": {
                  "value": "#medication3_8ef87d96-c753-4ff9-9c1c-61ec7a3858b5"
                }
              },
              "translation": {
                "code": "00555-0767-02",
                "codeSystem": "2.16.840.1.113883.6.69",
                "codeSystemName": "MULTUM",
                "displayName": "Adderall"
              }
            }
          }
        },
        "entryRelationship": {
          "observation": {
            "typeCode": "REFR",
            "observation": {
              "classCode": "OBS",
              "moodCode": "EVN",
              "code": {
                "code": "33999-4",
                "displayName": "Status",
                "codeSystem": "2.16.840.1.113883.6.1"
              },
              "value": {
                "xsi:type": "CE",
                "codeSystem": "2.16.840.1.113883.6.96",
                "code": "55561003",
                "displayName": "Active"
              }
            }
          },
          "supply": {
            "typeCode": "REFR",
            "supply": {
              "classCode": "SPLY",
              "moodCode": "INT",
              "product": {
                "code": {},
                "translation": {},
                "author": {
                  "assignedAuthor": {
                    "doctorFamilyName": "Willis",
                    "doctorGivenName": "Sam"
                  }
                }
              }
            }
          },
          "substanceAdministration": {
            "typeCode": "SUBJ",
            "substanceAdministration": {
              "code": {}
            }
          }
        }
      },
      {
        "effectiveTime": {
          "endDate": null
        },
        "consumable": {
          "manufacturedProduct": {
            "classCode": "MANU",
            "manufacturedMaterial": {
              "code": {
                "code": null,
                "codeSystem": null,
                "codeSystemName": null,
                "displayName": null
              },
              "originalText": {
                "_": "\n              Simvastatin",
                "reference": {
                  "value": "#medication2_8ef87d96-c753-4ff9-9c1c-61ec7a3858b5"
                }
              },
              "translation": {
                "code": "00093-7152-19",
                "codeSystem": "2.16.840.1.113883.6.69",
                "codeSystemName": "MULTUM",
                "displayName": "Simvastatin"
              }
            }
          }
        },
        "entryRelationship": {
          "observation": {
            "typeCode": "REFR",
            "observation": {
              "classCode": "OBS",
              "moodCode": "EVN",
              "code": {
                "code": "33999-4",
                "displayName": "Status",
                "codeSystem": "2.16.840.1.113883.6.1"
              },
              "value": {
                "xsi:type": "CE",
                "codeSystem": "2.16.840.1.113883.6.96",
                "code": "55561003",
                "displayName": "Active"
              }
            }
          },
          "supply": {
            "typeCode": "REFR",
            "supply": {
              "classCode": "SPLY",
              "moodCode": "INT",
              "quantity": "30",
              "product": {
                "code": {},
                "translation": {},
                "author": {
                  "assignedAuthor": {
                    "doctorFamilyName": "Willis",
                    "doctorGivenName": "Sam"
                  }
                }
              }
            }
          },
          "substanceAdministration": {
            "typeCode": "SUBJ",
            "substanceAdministration": {
              "code": {}
            }
          }
        }
      },
      {
        "effectiveTime": {
          "endDate": null
        },
        "consumable": {
          "manufacturedProduct": {
            "classCode": "MANU",
            "manufacturedMaterial": {
              "code": {
                "code": null,
                "codeSystem": null,
                "codeSystemName": null,
                "displayName": null
              },
              "originalText": {
                "_": "\n              Lipitor",
                "reference": {
                  "value": "#medication4_8ef87d96-c753-4ff9-9c1c-61ec7a3858b5"
                }
              },
              "translation": {
                "code": "00071-0156-23",
                "codeSystem": "2.16.840.1.113883.6.69",
                "codeSystemName": "MULTUM",
                "displayName": "Lipitor"
              }
            }
          }
        },
        "entryRelationship": {
          "observation": {
            "typeCode": "REFR",
            "observation": {
              "classCode": "OBS",
              "moodCode": "EVN",
              "code": {
                "code": "33999-4",
                "displayName": "Status",
                "codeSystem": "2.16.840.1.113883.6.1"
              },
              "value": {
                "xsi:type": "CE",
                "codeSystem": "2.16.840.1.113883.6.96",
                "code": "55561003",
                "displayName": "Active"
              }
            }
          },
          "supply": {
            "typeCode": "REFR",
            "supply": {
              "classCode": "SPLY",
              "moodCode": "INT",
              "quantity": "30",
              "product": {
                "code": {},
                "translation": {},
                "author": {
                  "assignedAuthor": {
                    "doctorFamilyName": "Willis",
                    "doctorGivenName": "Sam"
                  }
                }
              }
            }
          },
          "substanceAdministration": {
            "typeCode": "SUBJ",
            "substanceAdministration": {
              "code": {}
            }
          }
        }
      },
      {
        "effectiveTime": {
          "endDate": null
        },
        "consumable": {
          "manufacturedProduct": {
            "classCode": "MANU",
            "manufacturedMaterial": {
              "code": {
                "code": null,
                "codeSystem": null,
                "codeSystemName": null,
                "displayName": null
              },
              "originalText": {
                "_": "\n              Cardio Complete",
                "reference": {
                  "value": "#medication5_8ef87d96-c753-4ff9-9c1c-61ec7a3858b5"
                }
              },
              "translation": {
                "code": "96121-00228",
                "codeSystem": "2.16.840.1.113883.6.69",
                "codeSystemName": "MULTUM",
                "displayName": "Cardio Complete"
              }
            }
          }
        },
        "entryRelationship": {
          "observation": {
            "typeCode": "REFR",
            "observation": {
              "classCode": "OBS",
              "moodCode": "EVN",
              "code": {
                "code": "33999-4",
                "displayName": "Status",
                "codeSystem": "2.16.840.1.113883.6.1"
              },
              "value": {
                "xsi:type": "CE",
                "codeSystem": "2.16.840.1.113883.6.96",
                "code": "55561003",
                "displayName": "Active"
              }
            }
          },
          "supply": {
            "typeCode": "REFR",
            "supply": {
              "classCode": "SPLY",
              "moodCode": "INT",
              "product": {
                "code": {},
                "translation": {},
                "author": {
                  "assignedAuthor": {
                    "doctorFamilyName": "Willis",
                    "doctorGivenName": "Sam"
                  }
                }
              }
            }
          },
          "substanceAdministration": {
            "typeCode": "SUBJ",
            "substanceAdministration": {
              "code": {}
            }
          }
        }
      },
      {
        "effectiveTime": {
          "endDate": null
        },
        "consumable": {
          "manufacturedProduct": {
            "classCode": "MANU",
            "manufacturedMaterial": {
              "code": {
                "code": null,
                "codeSystem": null,
                "codeSystemName": null,
                "displayName": null
              },
              "originalText": {
                "_": "\n              Simvastatin",
                "reference": {
                  "value": "#medication1_8ef87d96-c753-4ff9-9c1c-61ec7a3858b5"
                }
              },
              "translation": {
                "code": "00093-7154-10",
                "codeSystem": "2.16.840.1.113883.6.69",
                "codeSystemName": "MULTUM",
                "displayName": "Simvastatin"
              }
            }
          }
        },
        "entryRelationship": {
          "observation": {
            "typeCode": "REFR",
            "observation": {
              "classCode": "OBS",
              "moodCode": "EVN",
              "code": {
                "code": "33999-4",
                "displayName": "Status",
                "codeSystem": "2.16.840.1.113883.6.1"
              },
              "value": {
                "xsi:type": "CE",
                "codeSystem": "2.16.840.1.113883.6.96",
                "code": "55561003",
                "displayName": "Active"
              }
            }
          },
          "supply": {
            "typeCode": "REFR",
            "supply": {
              "classCode": "SPLY",
              "moodCode": "INT",
              "quantity": "30",
              "product": {
                "code": {},
                "translation": {},
                "author": {
                  "assignedAuthor": {
                    "doctorFamilyName": "Willis",
                    "doctorGivenName": "Sam"
                  }
                }
              }
            }
          },
          "substanceAdministration": {
            "typeCode": "SUBJ",
            "substanceAdministration": {
              "code": {}
            }
          }
        }
      },
      {
        "effectiveTime": {
          "endDate": null
        },
        "consumable": {
          "manufacturedProduct": {
            "classCode": "MANU",
            "manufacturedMaterial": {
              "code": {
                "code": null,
                "codeSystem": null,
                "codeSystemName": null,
                "displayName": null
              },
              "originalText": {
                "_": "\n              Cancidas",
                "reference": {
                  "value": "#medication6_8ef87d96-c753-4ff9-9c1c-61ec7a3858b5"
                }
              },
              "translation": {
                "code": "00006-3823-10",
                "codeSystem": "2.16.840.1.113883.6.69",
                "codeSystemName": "MULTUM",
                "displayName": "Cancidas"
              }
            }
          }
        },
        "entryRelationship": {
          "observation": {
            "typeCode": "REFR",
            "observation": {
              "classCode": "OBS",
              "moodCode": "EVN",
              "code": {
                "code": "33999-4",
                "displayName": "Status",
                "codeSystem": "2.16.840.1.113883.6.1"
              },
              "value": {
                "xsi:type": "CE",
                "codeSystem": "2.16.840.1.113883.6.96",
                "code": "55561003",
                "displayName": "Active"
              }
            }
          },
          "supply": {
            "typeCode": "REFR",
            "supply": {
              "classCode": "SPLY",
              "moodCode": "INT",
              "product": {
                "code": {},
                "translation": {},
                "author": {
                  "assignedAuthor": {
                    "doctorFamilyName": "Willis",
                    "doctorGivenName": "Sam"
                  }
                }
              }
            }
          },
          "substanceAdministration": {
            "typeCode": "SUBJ",
            "substanceAdministration": {
              "code": {}
            }
          }
        }
      },
      {
        "effectiveTime": {
          "startDate": {
            "value": "20160708"
          },
          "endDate": {
            "nullFlavor": "UNK"
          }
        },
        "consumable": {
          "typeCode": "CSM",
          "manufacturedProduct": {
            "classCode": "MANU",
            "manufacturedMaterial": {
              "code": {
                "code": null,
                "codeSystem": null,
                "codeSystemName": null,
                "displayName": null
              },
              "originalText": {
                "reference": {
                  "value": "#me3054141750001-entryName_3af26ecc-8f50-4380-8404-270c01cc3fef"
                }
              },
              "translation": [
                {
                  "code": "66424052035",
                  "codeSystem": "2.16.840.1.113883.6.69",
                  "codeSystemName": "NDC",
                  "displayName": "Antipyrine-Benzocaine 54-14 MG/ML Otic Solution"
                },
                {
                  "code": "244309",
                  "codeSystem": "2.16.840.1.113883.6.88",
                  "codeSystemName": "RxNorm",
                  "displayName": "Antipyrine-Benzocaine 54-14 MG/ML Otic Solution"
                }
              ]
            },
            "name": "Antipyrine-Benzocaine"
          }
        },
        "entryRelationship": {
          "observation": {
            "typeCode": "REFR",
            "observation": {
              "classCode": "OBS",
              "moodCode": "EVN",
              "code": {
                "code": "33999-4",
                "displayName": "Status",
                "codeSystem": "2.16.840.1.113883.6.1",
                "codeSystemName": "LOINC"
              },
              "value": {
                "xsi:type": "CE",
                "codeSystem": "2.16.840.1.113883.6.96",
                "codeSystemName": "SNOMED CT",
                "code": "55561003",
                "displayName": "Active"
              }
            }
          },
          "supply": {
            "typeCode": "REFR",
            "supply": {
              "classCode": "SPLY",
              "moodCode": "INT",
              "refill": "0",
              "quantity": "3",
              "product": {
                "code": {},
                "translation": {},
                "author": {
                  "assignedAuthor": {
                    "practiceStreetAddress": {
                      "nullFlavor": "UNK"
                    },
                    "practiceCity": {
                      "nullFlavor": "UNK"
                    },
                    "practiceState": {
                      "nullFlavor": "UNK"
                    },
                    "practicePostalCode": {
                      "nullFlavor": "UNK"
                    },
                    "practiceCountry": {
                      "nullFlavor": "UNK"
                    },
                    "doctorSuffixName": "APRN"
                  }
                }
              }
            }
          },
          "substanceAdministration": {
            "substanceAdministration": {
              "code": {}
            }
          }
        }
      }
    ]
  }
]