[
{
  "sectionTitle": "Problems",
  "entry": {
    "act": [
      {
        "$": {
          "classCode": "ACT",
          "moodCode": "EVN"
        },
        "templateId": [
          {
            "$": {
              "root": "2.16.840.1.113883.10.20.22.4.3"
            }
          }
        ],
        "id": [
          {
            "$": {
              "extension": "41688670200001",
              "root": "1.3.6.1.4.1.22812.3.8296801.135497.4.1"
            }
          },
          {
            "$": {
              "extension": "42087574100001",
              "root": "1.3.6.1.4.1.22812.3.8296801.135497.4.1"
            }
          }
        ],
        "code": [
          {
            "$": {
              "code": "CONC",
              "codeSystem": "2.16.840.1.113883.5.6"
            }
          }
        ],
        "statusCode": [
          {
            "$": {
              "code": "completed"
            }
          }
        ],
        "effectiveTime": [
          {
            "low": [
              {
                "$": {
                  "nullFlavor": "UNK"
                }
              }
            ]
          }
        ],
        "entryRelationship": [
          {
            "$": {
              "typeCode": "SUBJ"
            },
            "observation": [
              {
                "$": {
                  "classCode": "OBS",
                  "moodCode": "EVN"
                },
                "templateId": [
                  {
                    "$": {
                      "root": "2.16.840.1.113883.10.20.22.4.4"
                    }
                  }
                ],
                "id": [
                  {
                    "$": {
                      "extension": "41688670200001",
                      "root": "1.3.6.1.4.1.22812.3.8296801.135497.4.1.2.1"
                    }
                  },
                  {
                    "$": {
                      "extension": "42087574100001",
                      "root": "1.3.6.1.4.1.22812.3.8296801.135497.4.1.2.1"
                    }
                  }
                ],
                "code": [
                  {
                    "$": {
                      "codeSystem": "2.16.840.1.113883.6.1",
                      "codeSystemName": "LOINC",
                      "code": "75326-9",
                      "displayName": "Problem"
                    }
                  }
                ],
                "text": [
                  {
                    "reference": [
                      {
                        "$": {
                          "value": "#ID0EPDAE"
                        }
                      }
                    ]
                  }
                ],
                "statusCode": [
                  {
                    "$": {
                      "code": "completed"
                    }
                  }
                ],
                "effectiveTime": [
                  {
                    "low": [
                      {
                        "$": {
                          "nullFlavor": "UNK"
                        }
                      }
                    ]
                  }
                ],
                "value": [
                  {
                    "$": {
                      "xsi:type": "CD",
                      "code": "422290000",
                      "codeSystem": "2.16.840.1.113883.6.96",
                      "codeSystemName": "SNOMED CT",
                      "displayName": "Allergic dermatitis"
                    },
                    "originalText": [
                      {
                        "reference": [
                          {
                            "$": {
                              "value": "#ID0EPDAE"
                            }
                          }
                        ]
                      }
                    ],
                    "translation": [
                      {
                        "$": {
                          "xsi:type": "CD",
                          "code": "692.9",
                          "codeSystem": "2.16.840.1.113883.6.103",
                          "codeSystemName": "ICD-9",
                          "displayName": "Allergic dermatitis"
                        }
                      },
                      {
                        "$": {
                          "xsi:type": "CD",
                          "code": "L23.9",
                          "codeSystem": "2.16.840.1.113883.6.90",
                          "codeSystemName": "ICD-10",
                          "displayName": "Allergic dermatitis"
                        }
                      },
                      {
                        "$": {
                          "xsi:type": "CD",
                          "code": "85608",
                          "codeSystem": "2.16.840.1.113883.3.247.1.1",
                          "codeSystemName": "IMO ProblemIT",
                          "displayName": "Allergic dermatitis"
                        }
                      }
                    ]
                  }
                ],
                "entryRelationship": [
                  {
                    "$": {
                      "typeCode": "REFR"
                    },
                    "observation": [
                      {
                        "$": {
                          "classCode": "OBS",
                          "moodCode": "EVN"
                        },
                        "templateId": [
                          {
                            "$": {
                              "root": "2.16.840.1.113883.10.20.22.4.6"
                            }
                          }
                        ],
                        "code": [
                          {
                            "$": {
                              "displayName": "Status",
                              "codeSystem": "2.16.840.1.113883.6.1",
                              "codeSystemName": "LOINC",
                              "code": "33999-4"
                            }
                          }
                        ],
                        "text": [
                          {
                            "reference": [
                              {
                                "$": {
                                  "value": "#ID0EKDAE"
                                }
                              }
                            ]
                          }
                        ],
                        "statusCode": [
                          {
                            "$": {
                              "code": "completed"
                            }
                          }
                        ],
                        "value": [
                          {
                            "$": {
                              "xsi:type": "CD",
                              "codeSystem": "2.16.840.1.113883.6.96",
                              "codeSystemName": "SNOMED CT",
                              "code": "55561003",
                              "displayName": "Active"
                            }
                          }
                        ]
                      }
                    ]
                  }
                ]
              }
            ]
          }
        ]
      }
    ]
  }
},
  {
    "sectionTitle": "Medications",
    "entry": {
      "substanceAdministration": [
        {
          "$": {
            "classCode": "SBADM",
            "moodCode": "INT"
          },
          "templateId": [
            {
              "$": {
                "root": "2.16.840.1.113883.10.20.22.4.16"
              }
            }
          ],
          "id": [
            {
              "$": {
                "extension": "78097870000123",
                "root": "1.3.6.1.4.1.22812.3.8296801.135497.4.9"
              }
            },
            {
              "$": {
                "extension": "102464721900000",
                "root": "1.3.6.1.4.1.22812.3.8296801.135497.4.9"
              }
            }
          ],
          "text": [
            {
              "reference": [
                {
                  "$": {
                    "value": "#ID0EUGAG"
                  }
                }
              ]
            }
          ],
          "statusCode": [
            {
              "$": {
                "code": "completed"
              }
            }
          ],
          "effectiveTime": [
            {
              "$": {
                "xsi:type": "IVL_TS"
              },
              "low": [
                {
                  "$": {
                    "value": "20200529000000"
                  }
                }
              ],
              "high": [
                {
                  "$": {
                    "nullFlavor": "NI"
                  }
                }
              ]
            },
            {
              "$": {
                "xsi:type": "PIVL_TS",
                "institutionSpecified": "true",
                "operator": "A"
              },
              "period": [
                {
                  "$": {
                    "value": "1",
                    "unit": "d"
                  }
                }
              ]
            }
          ],
          "routeCode": [
            {
              "$": {
                "codeSystem": "2.16.840.1.113883.3.26.1.1",
                "codeSystemName": "NCI Thesaurus",
                "code": "C38288",
                "displayName": "Oral Route of Administration"
              }
            }
          ],
          "administrationUnitCode": [
            {
              "$": {
                "codeSystemName": "NCI Thesaurus",
                "codeSystem": "2.16.840.1.113883.3.26.1.1",
                "code": "C42998",
                "displayName": "TABLET"
              }
            }
          ],
          "consumable": [
            {
              "$": {
                "typeCode": "CSM"
              },
              "manufacturedProduct": [
                {
                  "$": {
                    "classCode": "MANU"
                  },
                  "templateId": [
                    {
                      "$": {
                        "root": "2.16.840.1.113883.10.20.22.4.23"
                      }
                    }
                  ],
                  "manufacturedMaterial": [
                    {
                      "code": [
                        {
                          "$": {
                            "code": "197361",
                            "codeSystem": "2.16.840.1.113883.6.88",
                            "codeSystemName": "RxNorm",
                            "displayName": "amLODIPine Besylate 5 MG Oral Tablet"
                          },
                          "originalText": [
                            {
                              "reference": [
                                {
                                  "$": {
                                    "value": "#ID0ECIAG"
                                  }
                                }
                              ]
                            }
                          ],
                          "translation": [
                            {
                              "$": {
                                "code": "76282023890",
                                "codeSystem": "2.16.840.1.113883.6.69",
                                "codeSystemName": "NDC",
                                "displayName": "amLODIPine Besylate 5 MG Oral Tablet"
                              }
                            }
                          ]
                        }
                      ],
                      "name": [
                        "amLODIPine Besylate           "
                      ]
                    }
                  ]
                }
              ]
            }
          ],
          "entryRelationship": [
            {
              "$": {
                "typeCode": "REFR"
              },
              "observation": [
                {
                  "$": {
                    "classCode": "OBS",
                    "moodCode": "EVN"
                  },
                  "templateId": [
                    {
                      "$": {
                        "root": "2.16.840.1.113883.10.20.1.57"
                      }
                    },
                    {
                      "$": {
                        "root": "2.16.840.1.113883.10.20.1.47"
                      }
                    }
                  ],
                  "code": [
                    {
                      "$": {
                        "code": "33999-4",
                        "displayName": "Status",
                        "codeSystem": "2.16.840.1.113883.6.1",
                        "codeSystemName": "LOINC"
                      }
                    }
                  ],
                  "statusCode": [
                    {
                      "$": {
                        "code": "completed"
                      }
                    }
                  ],
                  "value": [
                    {
                      "$": {
                        "xsi:type": "CE",
                        "codeSystem": "2.16.840.1.113883.6.96",
                        "codeSystemName": "SNOMED CT",
                        "code": "55561003",
                        "displayName": "Active"
                      }
                    }
                  ]
                }
              ]
            },
            {
              "$": {
                "typeCode": "REFR"
              },
              "supply": [
                {
                  "$": {
                    "classCode": "SPLY",
                    "moodCode": "INT"
                  },
                  "templateId": [
                    {
                      "$": {
                        "root": "2.16.840.1.113883.10.20.22.4.17"
                      }
                    }
                  ],
                  "id": [
                    {
                      "$": {
                        "nullFlavor": "UNK"
                      }
                    }
                  ],
                  "statusCode": [
                    {
                      "$": {
                        "code": "completed"
                      }
                    }
                  ],
                  "repeatNumber": [
                    {
                      "$": {
                        "value": "1"
                      }
                    }
                  ],
                  "quantity": [
                    {
                      "$": {
                        "value": "90"
                      }
                    }
                  ],
                  "product": [
                    {
                      "manufacturedProduct": [
                        {
                          "$": {
                            "classCode": "MANU"
                          },
                          "templateId": [
                            {
                              "$": {
                                "root": "2.16.840.1.113883.10.20.22.4.23"
                              }
                            }
                          ],
                          "manufacturedMaterial": [
                            {
                              "code": [
                                {
                                  "$": {
                                    "code": "197361",
                                    "codeSystem": "2.16.840.1.113883.6.88",
                                    "codeSystemName": "RxNorm",
                                    "displayName": "amLODIPine Besylate 5 MG Oral Tablet"
                                  },
                                  "originalText": [
                                    {
                                      "reference": [
                                        {
                                          "$": {
                                            "value": "#ID0ECIAG"
                                          }
                                        }
                                      ]
                                    }
                                  ],
                                  "translation": [
                                    {
                                      "$": {
                                        "code": "76282023890",
                                        "codeSystem": "2.16.840.1.113883.6.69",
                                        "codeSystemName": "NDC",
                                        "displayName": "amLODIPine Besylate 5 MG Oral Tablet"
                                      }
                                    }
                                  ]
                                }
                              ],
                              "name": [
                                "amLODIPine Besylate           "
                              ]
                            }
                          ]
                        }
                      ]
                    }
                  ],
                  "author": [
                    {
                      "time": [
                        {
                          "$": {
                            "nullFlavor": "UNK"
                          }
                        }
                      ],
                      "assignedAuthor": [
                        {
                          "id": [
                            {
                              "$": {
                                "extension": "1306942545",
                                "root": "2.16.840.1.113883.4.6"
                              }
                            }
                          ],
                          "addr": [
                            {
                              "$": {
                                "use": "H"
                              },
                              "streetAddressLine": [
                                "4910 AIRPORT DR #100"
                              ],
                              "city": [
                                "LONG BEACH"
                              ],
                              "state": [
                                {
                                  "$": {
                                    "nullFlavor": "UNK"
                                  }
                                }
                              ],
                              "postalCode": [
                                "90810"
                              ],
                              "country": [
                                {
                                  "$": {
                                    "nullFlavor": "UNK"
                                  }
                                }
                              ]
                            }
                          ],
                          "telecom": [
                            {
                              "$": {
                                "nullFlavor": "UNK"
                              }
                            },
                            {
                              "$": {
                                "value": "mailto:AHSspam@HealthCarePartners.com",
                                "use": "WP"
                              }
                            }
                          ],
                          "assignedPerson": [
                            {
                              "name": [
                                {
                                  "family": [
                                    "SHOGA"
                                  ],
                                  "given": [
                                    "WAIL"
                                  ],
                                  "suffix": [
                                    "DO"
                                  ]
                                }
                              ]
                            }
                          ]
                        }
                      ]
                    }
                  ]
                }
              ]
            },
            {
              "$": {
                "typeCode": "COMP"
              },
              "substanceAdministration": [
                {
                  "$": {
                    "classCode": "SBADM",
                    "moodCode": "INT"
                  },
                  "templateId": [
                    {
                      "$": {
                        "root": "2.16.840.1.113883.10.20.22.4.147"
                      }
                    }
                  ],
                  "code": [
                    {
                      "$": {
                        "code": "76662-6",
                        "codeSystem": "2.16.840.1.113883.6.1"
                      }
                    }
                  ],
                  "text": [
                    {
                      "reference": [
                        {
                          "$": {
                            "value": "#ID0EWHAG"
                          }
                        }
                      ]
                    }
                  ],
                  "consumable": [
                    {
                      "manufacturedProduct": [
                        {
                          "manufacturedLabeledDrug": [
                            {
                              "$": {
                                "nullFlavor": "NA"
                              }
                            }
                          ]
                        }
                      ]
                    }
                  ]
                }
              ]
            }
          ]
        }
      ]
    }
  },
  {
    "sectionTitle": "Allergies and Adverse Reactions",
    "entry": {
      "act": [
        {
          "$": {
            "classCode": "ACT",
            "moodCode": "EVN"
          },
          "templateId": [
            {
              "$": {
                "root": "2.16.840.1.113883.10.20.22.4.30"
              }
            }
          ],
          "id": [
            {
              "$": {
                "extension": "43179154800005",
                "root": "1.3.6.1.4.1.22812.3.8296801.135497.4.10"
              }
            },
            {
              "$": {
                "extension": "43179154800007",
                "root": "1.3.6.1.4.1.22812.3.8296801.135497.4.10"
              }
            }
          ],
          "code": [
            {
              "$": {
                "code": "48765-2",
                "codeSystem": "2.16.840.1.113883.6.1",
                "codeSystemName": "LOINC",
                "displayName": "Allergies, adverse reactions, alerts"
              }
            }
          ],
          "statusCode": [
            {
              "$": {
                "code": "completed"
              }
            }
          ],
          "effectiveTime": [
            {
              "low": [
                {
                  "$": {
                    "nullFlavor": "UNK"
                  }
                }
              ],
              "high": [
                {
                  "$": {
                    "nullFlavor": "UNK"
                  }
                }
              ]
            }
          ],
          "entryRelationship": [
            {
              "$": {
                "typeCode": "SUBJ"
              },
              "observation": [
                {
                  "$": {
                    "classCode": "OBS",
                    "moodCode": "EVN"
                  },
                  "templateId": [
                    {
                      "$": {
                        "root": "2.16.840.1.113883.10.20.22.4.7"
                      }
                    }
                  ],
                  "id": [
                    {
                      "$": {
                        "extension": "43179154800005",
                        "root": "1.3.6.1.4.1.22812.3.8296801.135497.4.10.2"
                      }
                    },
                    {
                      "$": {
                        "extension": "43179154800007",
                        "root": "1.3.6.1.4.1.22812.3.8296801.135497.4.10.2"
                      }
                    }
                  ],
                  "code": [
                    {
                      "$": {
                        "code": "ASSERTION",
                        "codeSystem": "2.16.840.1.113883.5.4"
                      }
                    }
                  ],
                  "statusCode": [
                    {
                      "$": {
                        "code": "completed"
                      }
                    }
                  ],
                  "effectiveTime": [
                    {
                      "low": [
                        {
                          "$": {
                            "nullFlavor": "UNK"
                          }
                        }
                      ]
                    }
                  ],
                  "value": [
                    {
                      "$": {
                        "xsi:type": "CD",
                        "codeSystem": "2.16.840.1.113883.6.96",
                        "code": "416098002",
                        "displayName": "Allergy to drug (finding)",
                        "codeSystemName": "SNOMED CT"
                      },
                      "originalText": [
                        {
                          "reference": [
                            {
                              "$": {
                                "value": "#ID0ENBAE"
                              }
                            }
                          ]
                        }
                      ]
                    }
                  ],
                  "entryRelationship": [
                    {
                      "$": {
                        "typeCode": "SUBJ",
                        "inversionInd": "true"
                      },
                      "observation": [
                        {
                          "$": {
                            "classCode": "OBS",
                            "moodCode": "EVN"
                          },
                          "templateId": [
                            {
                              "$": {
                                "root": "2.16.840.1.113883.10.20.22.4.28"
                              }
                            }
                          ],
                          "code": [
                            {
                              "$": {
                                "code": "33999-4",
                                "codeSystem": "2.16.840.1.113883.6.1",
                                "codeSystemName": "LOINC",
                                "displayName": "Status"
                              }
                            }
                          ],
                          "statusCode": [
                            {
                              "$": {
                                "code": "completed"
                              }
                            }
                          ],
                          "value": [
                            {
                              "$": {
                                "xsi:type": "CE",
                                "codeSystem": "2.16.840.1.113883.6.96",
                                "codeSystemName": "SNOMED CT",
                                "code": "55561003",
                                "displayName": "Active"
                              }
                            }
                          ]
                        }
                      ]
                    }
                  ]
                }
              ]
            }
          ]
        }
      ]
    }
  },
  {
    "sectionTitle": "Procedures",
    "entry": {
      "procedure": [
        {
          "$": {
            "classCode": "PROC",
            "moodCode": "EVN",
            "negationInd": "true"
          },
          "templateId": [
            {
              "$": {
                "root": "2.16.840.1.113883.10.20.22.4.14"
              }
            }
          ],
          "id": [
            {
              "$": {
                "nullFlavor": "NI"
              }
            }
          ],
          "code": [
            {
              "$": {
                "nullFlavor": "UNK"
              },
              "originalText": [
                {
                  "reference": [
                    {
                      "$": {
                        "value": "#ID0ERUAG"
                      }
                    }
                  ]
                }
              ]
            }
          ],
          "statusCode": [
            {
              "$": {
                "code": "active"
              }
            }
          ],
          "effectiveTime": [
            {
              "low": [
                {
                  "$": {
                    "nullFlavor": "UNK"
                  }
                }
              ]
            }
          ]
        }
      ]
    }
  },
  {
    "sectionTitle": "Immunization",
    "entry": {
      "substanceAdministration": [
        {
          "$": {
            "classCode": "SBADM",
            "negationInd": "false",
            "moodCode": "EVN"
          },
          "templateId": [
            {
              "$": {
                "root": "2.16.840.1.113883.10.20.22.4.52"
              }
            }
          ],
          "id": [
            {
              "$": {
                "extension": "32270709200000",
                "root": "1.3.6.1.4.1.22812.3.8296801.135497.4.4"
              }
            },
            {
              "$": {
                "extension": "32270709200000",
                "root": "1.3.6.1.4.1.22812.3.8296801.135497.4.4"
              }
            }
          ],
          "text": [
            {
              "$": {
                "mediaType": "text/xml"
              },
              "reference": [
                {
                  "$": {
                    "value": "#ID0EMMAG"
                  }
                }
              ]
            }
          ],
          "statusCode": [
            {
              "$": {
                "code": "completed"
              }
            }
          ],
          "effectiveTime": [
            {
              "$": {
                "value": "20121012"
              }
            }
          ],
          "consumable": [
            {
              "$": {
                "typeCode": "CSM"
              },
              "manufacturedProduct": [
                {
                  "$": {
                    "classCode": "MANU"
                  },
                  "templateId": [
                    {
                      "$": {
                        "root": "2.16.840.1.113883.10.20.22.4.54"
                      }
                    }
                  ],
                  "manufacturedMaterial": [
                    {
                      "code": [
                        {
                          "$": {
                            "code": "115",
                            "codeSystem": "2.16.840.1.113883.12.292",
                            "codeSystemName": "CVX",
                            "displayName": "Tdap"
                          },
                          "originalText": [
                            {
                              "reference": [
                                {
                                  "$": {
                                    "value": "#ID0EFNAG"
                                  }
                                }
                              ]
                            }
                          ]
                        }
                      ],
                      "lotNumberText": [
                        "c4051aa"
                      ]
                    }
                  ]
                }
              ]
            }
          ]
        }
      ]
    }
  },
  {
    "sectionTitle": "Family History",
    "entry": {
      "organizer": [
        {
          "$": {
            "moodCode": "EVN",
            "classCode": "CLUSTER"
          },
          "templateId": [
            {
              "$": {
                "root": "2.16.840.1.113883.10.20.22.4.45"
              }
            }
          ],
          "statusCode": [
            {
              "$": {
                "code": "completed"
              }
            }
          ],
          "subject": [
            {
              "relatedSubject": [
                {
                  "$": {
                    "classCode": "PRS"
                  },
                  "code": [
                    {
                      "$": {
                        "codeSystemName": "HL7 FamilyMember",
                        "codeSystem": "2.16.840.1.113883.5.111",
                        "code": "GRMTH",
                        "displayName": "Grandmother"
                      }
                    }
                  ],
                  "subject": [
                    {
                      "administrativeGenderCode": [
                        {
                          "$": {
                            "code": "F",
                            "codeSystem": "2.16.840.1.113883.5.1"
                          }
                        }
                      ],
                      "birthTime": [
                        {
                          "$": {
                            "nullFlavor": "UNK"
                          }
                        }
                      ]
                    }
                  ]
                }
              ]
            }
          ],
          "component": [
            {
              "observation": [
                {
                  "$": {
                    "classCode": "OBS",
                    "moodCode": "EVN"
                  },
                  "templateId": [
                    {
                      "$": {
                        "root": "2.16.840.1.113883.10.20.22.4.46"
                      }
                    }
                  ],
                  "id": [
                    {
                      "$": {
                        "extension": "33128596200000",
                        "root": "1.3.6.1.4.1.22812.3.8296801.135497.4.8"
                      }
                    },
                    {
                      "$": {
                        "extension": "33128596200000",
                        "root": "1.3.6.1.4.1.22812.3.8296801.135497.4.8"
                      }
                    }
                  ],
                  "code": [
                    {
                      "$": {
                        "codeSystem": "2.16.840.1.113883.6.1",
                        "codeSystemName": "LOINC",
                        "code": "75326-9",
                        "displayName": "Problem"
                      }
                    }
                  ],
                  "text": [
                    {
                      "reference": [
                        {
                          "$": {
                            "value": "#ID0EJBBG"
                          }
                        }
                      ]
                    }
                  ],
                  "statusCode": [
                    {
                      "$": {
                        "code": "completed"
                      }
                    }
                  ],
                  "effectiveTime": [
                    {
                      "low": [
                        {
                          "$": {
                            "nullFlavor": "UNK"
                          }
                        }
                      ]
                    }
                  ],
                  "value": [
                    {
                      "$": {
                        "xsi:type": "CD",
                        "code": "160357008",
                        "codeSystem": "2.16.840.1.113883.6.96",
                        "codeSystemName": "SNOMED CT",
                        "displayName": "Family history of hypertension"
                      },
                      "originalText": [
                        {
                          "reference": [
                            {
                              "$": {
                                "value": "#ID0EJBBG"
                              }
                            }
                          ]
                        }
                      ],
                      "translation": [
                        {
                          "$": {
                            "xsi:type": "CD",
                            "code": "V17.49",
                            "codeSystem": "2.16.840.1.113883.6.103",
                            "codeSystemName": "ICD-9",
                            "displayName": "Family history of hypertension"
                          }
                        },
                        {
                          "$": {
                            "xsi:type": "CD",
                            "code": "Z82.49",
                            "codeSystem": "2.16.840.1.113883.6.90",
                            "codeSystemName": "ICD-10",
                            "displayName": "Family history of hypertension"
                          }
                        },
                        {
                          "$": {
                            "xsi:type": "CD",
                            "code": "598666",
                            "codeSystem": "2.16.840.1.113883.3.247.1.1",
                            "codeSystemName": "IMO ProblemIT",
                            "displayName": "Family history of hypertension"
                          }
                        }
                      ]
                    }
                  ],
                  "entryRelationship": [
                    {
                      "$": {
                        "typeCode": "REFR"
                      },
                      "observation": [
                        {
                          "$": {
                            "classCode": "OBS",
                            "moodCode": "EVN"
                          },
                          "templateId": [
                            {
                              "$": {
                                "root": "2.16.840.1.113883.10.20.22.4.6"
                              }
                            }
                          ],
                          "code": [
                            {
                              "$": {
                                "displayName": "Status",
                                "codeSystem": "2.16.840.1.113883.6.1",
                                "codeSystemName": "LOINC",
                                "code": "33999-4"
                              }
                            }
                          ],
                          "text": [
                            {
                              "reference": [
                                {
                                  "$": {
                                    "value": "#ID0EEBBG"
                                  }
                                }
                              ]
                            }
                          ],
                          "statusCode": [
                            {
                              "$": {
                                "code": "completed"
                              }
                            }
                          ],
                          "value": [
                            {
                              "$": {
                                "xsi:type": "CD",
                                "codeSystem": "2.16.840.1.113883.6.96",
                                "codeSystemName": "SNOMED CT",
                                "code": "55561003",
                                "displayName": "Active"
                              }
                            }
                          ]
                        }
                      ]
                    }
                  ]
                }
              ]
            }
          ]
        }
      ]
    }
  },
  {
    "sectionTitle": "Social History",
    "entry": {
      "observation": [
        {
          "$": {
            "classCode": "OBS",
            "moodCode": "EVN",
            "negationInd": "true"
          },
          "templateId": [
            {
              "$": {
                "root": "2.16.840.1.113883.10.20.22.4.38"
              }
            }
          ],
          "id": [
            {
              "$": {
                "nullFlavor": "NI"
              }
            }
          ],
          "code": [
            {
              "$": {
                "nullFlavor": "NA"
              },
              "originalText": [
                {
                  "reference": [
                    {
                      "$": {
                        "value": "#ID0E6YAG"
                      }
                    }
                  ]
                }
              ]
            }
          ],
          "statusCode": [
            {
              "$": {
                "code": "completed"
              }
            }
          ],
          "effectiveTime": [
            {
              "low": [
                {
                  "$": {
                    "nullFlavor": "UNK"
                  }
                }
              ]
            }
          ]
        }
      ]
    }
  },
  {
    "sectionTitle": "Vital Signs",
    "entry": {
      "organizer": [
        {
          "$": {
            "classCode": "CLUSTER",
            "moodCode": "EVN"
          },
          "templateId": [
            {
              "$": {
                "root": "2.16.840.1.113883.10.20.22.4.26"
              }
            }
          ],
          "id": [
            {
              "$": {
                "nullFlavor": "NI"
              }
            }
          ],
          "code": [
            {
              "$": {
                "code": "46680005",
                "codeSystem": "2.16.840.1.113883.6.96",
                "codeSystemName": "SNOMED CT",
                "displayName": "Vital signs"
              }
            }
          ],
          "statusCode": [
            {
              "$": {
                "code": "completed"
              }
            }
          ],
          "effectiveTime": [
            {
              "$": {
                "nullFlavor": "NA"
              }
            }
          ],
          "component": [
            {
              "observation": [
                {
                  "$": {
                    "classCode": "OBS",
                    "moodCode": "EVN",
                    "negationInd": "true"
                  },
                  "templateId": [
                    {
                      "$": {
                        "root": "2.16.840.1.113883.10.20.22.4.27"
                      }
                    }
                  ],
                  "id": [
                    {
                      "$": {
                        "nullFlavor": "NI"
                      }
                    }
                  ],
                  "code": [
                    {
                      "$": {
                        "nullFlavor": "NA"
                      }
                    }
                  ],
                  "text": [
                    {
                      "reference": [
                        {
                          "$": {
                            "value": "#ID0E6QAG"
                          }
                        }
                      ]
                    }
                  ],
                  "statusCode": [
                    {
                      "$": {
                        "code": "completed"
                      }
                    }
                  ],
                  "effectiveTime": [
                    {
                      "$": {
                        "nullFlavor": "NA"
                      }
                    }
                  ],
                  "value": [
                    {
                      "$": {
                        "xsi:type": "PQ",
                        "nullFlavor": "NA"
                      }
                    }
                  ]
                }
              ]
            }
          ]
        }
      ]
    }
  },
{
  "sectionTitle": "Results",
  "entry": {
    "organizer": [
      {
        "$": {
          "classCode": "BATTERY",
          "moodCode": "EVN"
        },
        "templateId": [
          {
            "$": {
              "root": "2.16.840.1.113883.10.20.22.4.1"
            }
          }
        ],
        "id": [
          {
            "$": {
              "nullFlavor": "NI"
            }
          }
        ],
        "code": [
          {
            "$": {
              "nullFlavor": "UNK"
            }
          }
        ],
        "statusCode": [
          {
            "$": {
              "code": "completed"
            }
          }
        ],
        "effectiveTime": [
          {
            "$": {
              "value": "00010101000000"
            }
          }
        ],
        "component": [
          {
            "observation": [
              {
                "$": {
                  "classCode": "OBS",
                  "moodCode": "EVN",
                  "negationInd": "true"
                },
                "templateId": [
                  {
                    "$": {
                      "root": "2.16.840.1.113883.10.20.22.4.2"
                    }
                  }
                ],
                "id": [
                  {
                    "$": {
                      "nullFlavor": "NI"
                    }
                  }
                ],
                "code": [
                  {
                    "$": {
                      "nullFlavor": "UNK"
                    }
                  }
                ],
                "text": [
                  {
                    "reference": [
                      {
                        "$": {
                          "value": "#ID0EESAG"
                        }
                      }
                    ]
                  }
                ],
                "statusCode": [
                  {
                    "$": {
                      "code": "completed"
                    }
                  }
                ],
                "effectiveTime": [
                  {
                    "$": {
                      "nullFlavor": "NA"
                    }
                  }
                ],
                "value": [
                  {
                    "$": {
                      "xsi:type": "ST",
                      "nullFlavor": "UNK"
                    }
                  }
                ],
                "interpretationCode": [
                  ""
                ]
              }
            ]
          }
        ]
      }
    ]
  }
}
]