{
  "patientData": [
    {
      "title": "Problems",
      "problems": [
        {
          "effectiveTime": {
            "startDate": {
              "nullFlavor": "UNK"
            },
            "endDate": null
          },
          "entryRelationship": {
            "observation": {
              "typeCode": "SUBJ",
              "observation": {
                "classCode": "OBS",
                "moodCode": "EVN",
                "value": {
                  "xsi:type": "CD",
                  "code": "422290000",
                  "codeSystem": "2.16.840.1.113883.6.96",
                  "codeSystemName": "SNOMED CT",
                  "displayName": "Allergic dermatitis"
                },
                "translation": [
                  {
                    "xsi:type": "CD",
                    "code": "692.9",
                    "codeSystem": "2.16.840.1.113883.6.103",
                    "codeSystemName": "ICD-9",
                    "displayName": "Allergic dermatitis"
                  },
                  {
                    "xsi:type": "CD",
                    "code": "L23.9",
                    "codeSystem": "2.16.840.1.113883.6.90",
                    "codeSystemName": "ICD-10",
                    "displayName": "Allergic dermatitis"
                  },
                  {
                    "xsi:type": "CD",
                    "code": "85608",
                    "codeSystem": "2.16.840.1.113883.3.247.1.1",
                    "codeSystemName": "IMO ProblemIT",
                    "displayName": "Allergic dermatitis"
                  }
                ]
              }
            },
            "entryRelationship": {
              "typeCode": "REFR",
              "observation": {
                "classCode": "OBS",
                "moodCode": "EVN",
                "value": {
                  "xsi:type": "CD",
                  "codeSystem": "2.16.840.1.113883.6.96",
                  "codeSystemName": "SNOMED CT",
                  "code": "55561003",
                  "displayName": "Active"
                }
              }
            }
          }
        },
        {
          "effectiveTime": {
            "startDate": {
              "nullFlavor": "UNK"
            },
            "endDate": null
          },
          "entryRelationship": {
            "observation": {
              "typeCode": "SUBJ",
              "observation": {
                "classCode": "OBS",
                "moodCode": "EVN",
                "value": {
                  "xsi:type": "CD",
                  "code": "73391008",
                  "codeSystem": "2.16.840.1.113883.6.96",
                  "codeSystemName": "SNOMED CT",
                  "displayName": "Cervical dysplasia"
                },
                "translation": [
                  {
                    "xsi:type": "CD",
                    "code": "622.10",
                    "codeSystem": "2.16.840.1.113883.6.103",
                    "codeSystemName": "ICD-9",
                    "displayName": "Cervical dysplasia"
                  },
                  {
                    "xsi:type": "CD",
                    "code": "N87.9",
                    "codeSystem": "2.16.840.1.113883.6.90",
                    "codeSystemName": "ICD-10",
                    "displayName": "Cervical dysplasia"
                  },
                  {
                    "xsi:type": "CD",
                    "code": "40233",
                    "codeSystem": "2.16.840.1.113883.3.247.1.1",
                    "codeSystemName": "IMO ProblemIT",
                    "displayName": "Cervical dysplasia"
                  }
                ]
              }
            },
            "entryRelationship": {
              "typeCode": "REFR",
              "observation": {
                "classCode": "OBS",
                "moodCode": "EVN",
                "value": {
                  "xsi:type": "CD",
                  "codeSystem": "2.16.840.1.113883.6.96",
                  "codeSystemName": "SNOMED CT",
                  "code": "55561003",
                  "displayName": "Active"
                }
              }
            }
          }
        },
        {
          "effectiveTime": {
            "startDate": {
              "nullFlavor": "UNK"
            },
            "endDate": null
          },
          "entryRelationship": {
            "observation": {
              "typeCode": "SUBJ",
              "observation": {
                "classCode": "OBS",
                "moodCode": "EVN",
                "value": {
                  "xsi:type": "CD",
                  "code": "80313002",
                  "codeSystem": "2.16.840.1.113883.6.96",
                  "codeSystemName": "SNOMED CT",
                  "displayName": "Palpitations"
                },
                "translation": [
                  {
                    "xsi:type": "CD",
                    "code": "785.1",
                    "codeSystem": "2.16.840.1.113883.6.103",
                    "codeSystemName": "ICD-9",
                    "displayName": "Palpitations"
                  },
                  {
                    "xsi:type": "CD",
                    "code": "R00.2",
                    "codeSystem": "2.16.840.1.113883.6.90",
                    "codeSystemName": "ICD-10",
                    "displayName": "Palpitations"
                  },
                  {
                    "xsi:type": "CD",
                    "code": "27471",
                    "codeSystem": "2.16.840.1.113883.3.247.1.1",
                    "codeSystemName": "IMO ProblemIT",
                    "displayName": "Palpitations"
                  }
                ]
              }
            },
            "entryRelationship": {
              "typeCode": "REFR",
              "observation": {
                "classCode": "OBS",
                "moodCode": "EVN",
                "value": {
                  "xsi:type": "CD",
                  "codeSystem": "2.16.840.1.113883.6.96",
                  "codeSystemName": "SNOMED CT",
                  "code": "55561003",
                  "displayName": "Active"
                }
              }
            }
          }
        },
        {
          "effectiveTime": {
            "startDate": {
              "nullFlavor": "UNK"
            },
            "endDate": null
          },
          "entryRelationship": {
            "observation": {
              "typeCode": "SUBJ",
              "observation": {
                "classCode": "OBS",
                "moodCode": "EVN",
                "value": {
                  "xsi:type": "CD",
                  "code": "398057008",
                  "codeSystem": "2.16.840.1.113883.6.96",
                  "codeSystemName": "SNOMED CT",
                  "displayName": "Tension headache"
                },
                "translation": [
                  {
                    "xsi:type": "CD",
                    "code": "307.81",
                    "codeSystem": "2.16.840.1.113883.6.103",
                    "codeSystemName": "ICD-9",
                    "displayName": "Tension headache"
                  },
                  {
                    "xsi:type": "CD",
                    "code": "G44.209",
                    "codeSystem": "2.16.840.1.113883.6.90",
                    "codeSystemName": "ICD-10",
                    "displayName": "Tension headache"
                  },
                  {
                    "xsi:type": "CD",
                    "code": "30007",
                    "codeSystem": "2.16.840.1.113883.3.247.1.1",
                    "codeSystemName": "IMO ProblemIT",
                    "displayName": "Tension headache"
                  }
                ]
              }
            },
            "entryRelationship": {
              "typeCode": "REFR",
              "observation": {
                "classCode": "OBS",
                "moodCode": "EVN",
                "value": {
                  "xsi:type": "CD",
                  "codeSystem": "2.16.840.1.113883.6.96",
                  "codeSystemName": "SNOMED CT",
                  "code": "55561003",
                  "displayName": "Active"
                }
              }
            }
          }
        },
        {
          "effectiveTime": {
            "startDate": {
              "nullFlavor": "UNK"
            },
            "endDate": null
          },
          "entryRelationship": {
            "observation": {
              "typeCode": "SUBJ",
              "observation": {
                "classCode": "OBS",
                "moodCode": "EVN",
                "value": {
                  "xsi:type": "CD",
                  "code": "309196005",
                  "codeSystem": "2.16.840.1.113883.6.96",
                  "codeSystemName": "SNOMED CT",
                  "displayName": "Abnormal cytology"
                },
                "translation": [
                  {
                    "xsi:type": "CD",
                    "code": "792.9",
                    "codeSystem": "2.16.840.1.113883.6.103",
                    "codeSystemName": "ICD-9",
                    "displayName": "Abnormal cytology"
                  },
                  {
                    "xsi:type": "CD",
                    "code": "R89.6",
                    "codeSystem": "2.16.840.1.113883.6.90",
                    "codeSystemName": "ICD-10",
                    "displayName": "Abnormal cytology"
                  },
                  {
                    "xsi:type": "CD",
                    "code": "5724415",
                    "codeSystem": "2.16.840.1.113883.3.247.1.1",
                    "codeSystemName": "IMO ProblemIT",
                    "displayName": "Abnormal cytology"
                  }
                ]
              }
            },
            "entryRelationship": {
              "typeCode": "REFR",
              "observation": {
                "classCode": "OBS",
                "moodCode": "EVN",
                "value": {
                  "xsi:type": "CD",
                  "codeSystem": "2.16.840.1.113883.6.96",
                  "codeSystemName": "SNOMED CT",
                  "code": "55561003",
                  "displayName": "Active"
                }
              }
            }
          }
        },
        {
          "effectiveTime": {
            "startDate": {
              "nullFlavor": "UNK"
            },
            "endDate": null
          },
          "entryRelationship": {
            "observation": {
              "typeCode": "SUBJ",
              "observation": {
                "classCode": "OBS",
                "moodCode": "EVN",
                "value": {
                  "xsi:type": "CD",
                  "code": "399153001",
                  "codeSystem": "2.16.840.1.113883.6.96",
                  "codeSystemName": "SNOMED CT",
                  "displayName": "Vertigo"
                },
                "translation": [
                  {
                    "xsi:type": "CD",
                    "code": "780.4",
                    "codeSystem": "2.16.840.1.113883.6.103",
                    "codeSystemName": "ICD-9",
                    "displayName": "Vertigo"
                  },
                  {
                    "xsi:type": "CD",
                    "code": "R42",
                    "codeSystem": "2.16.840.1.113883.6.90",
                    "codeSystemName": "ICD-10",
                    "displayName": "Vertigo"
                  },
                  {
                    "xsi:type": "CD",
                    "code": "56814",
                    "codeSystem": "2.16.840.1.113883.3.247.1.1",
                    "codeSystemName": "IMO ProblemIT",
                    "displayName": "Vertigo"
                  }
                ]
              }
            },
            "entryRelationship": {
              "typeCode": "REFR",
              "observation": {
                "classCode": "OBS",
                "moodCode": "EVN",
                "value": {
                  "xsi:type": "CD",
                  "codeSystem": "2.16.840.1.113883.6.96",
                  "codeSystemName": "SNOMED CT",
                  "code": "55561003",
                  "displayName": "Active"
                }
              }
            }
          }
        },
        {
          "effectiveTime": {
            "startDate": {
              "nullFlavor": "UNK"
            },
            "endDate": null
          },
          "entryRelationship": {
            "observation": {
              "typeCode": "SUBJ",
              "observation": {
                "classCode": "OBS",
                "moodCode": "EVN",
                "value": {
                  "xsi:type": "CD",
                  "code": "305058001",
                  "codeSystem": "2.16.840.1.113883.6.96",
                  "codeSystemName": "SNOMED CT",
                  "displayName": "Encounter to establish care"
                },
                "translation": [
                  {
                    "xsi:type": "CD",
                    "code": "V65.8",
                    "codeSystem": "2.16.840.1.113883.6.103",
                    "codeSystemName": "ICD-9",
                    "displayName": "Encounter to establish care"
                  },
                  {
                    "xsi:type": "CD",
                    "code": "Z76.89",
                    "codeSystem": "2.16.840.1.113883.6.90",
                    "codeSystemName": "ICD-10",
                    "displayName": "Encounter to establish care"
                  },
                  {
                    "xsi:type": "CD",
                    "code": "24286045",
                    "codeSystem": "2.16.840.1.113883.3.247.1.1",
                    "codeSystemName": "IMO ProblemIT",
                    "displayName": "Encounter to establish care"
                  }
                ]
              }
            },
            "entryRelationship": {
              "typeCode": "REFR",
              "observation": {
                "classCode": "OBS",
                "moodCode": "EVN",
                "value": {
                  "xsi:type": "CD",
                  "codeSystem": "2.16.840.1.113883.6.96",
                  "codeSystemName": "SNOMED CT",
                  "code": "55561003",
                  "displayName": "Active"
                }
              }
            }
          }
        },
        {
          "effectiveTime": {
            "startDate": {
              "nullFlavor": "UNK"
            },
            "endDate": null
          },
          "entryRelationship": {
            "observation": {
              "typeCode": "SUBJ",
              "observation": {
                "classCode": "OBS",
                "moodCode": "EVN",
                "value": {
                  "xsi:type": "CD",
                  "code": "305058001",
                  "codeSystem": "2.16.840.1.113883.6.96",
                  "codeSystemName": "SNOMED CT",
                  "displayName": "Screening for condition"
                },
                "translation": [
                  {
                    "xsi:type": "CD",
                    "code": "V82.9",
                    "codeSystem": "2.16.840.1.113883.6.103",
                    "codeSystemName": "ICD-9",
                    "displayName": "Screening for condition"
                  },
                  {
                    "xsi:type": "CD",
                    "code": "Z13.9",
                    "codeSystem": "2.16.840.1.113883.6.90",
                    "codeSystemName": "ICD-10",
                    "displayName": "Screening for condition"
                  },
                  {
                    "xsi:type": "CD",
                    "code": "198021",
                    "codeSystem": "2.16.840.1.113883.3.247.1.1",
                    "codeSystemName": "IMO ProblemIT",
                    "displayName": "Screening for condition"
                  }
                ]
              }
            },
            "entryRelationship": {
              "typeCode": "REFR",
              "observation": {
                "classCode": "OBS",
                "moodCode": "EVN",
                "value": {
                  "xsi:type": "CD",
                  "codeSystem": "2.16.840.1.113883.6.96",
                  "codeSystemName": "SNOMED CT",
                  "code": "55561003",
                  "displayName": "Active"
                }
              }
            }
          }
        },
        {
          "effectiveTime": {
            "startDate": {
              "nullFlavor": "UNK"
            },
            "endDate": null
          },
          "entryRelationship": {
            "observation": {
              "typeCode": "SUBJ",
              "observation": {
                "classCode": "OBS",
                "moodCode": "EVN",
                "value": {
                  "xsi:type": "CD",
                  "code": "268376005",
                  "codeSystem": "2.16.840.1.113883.6.96",
                  "codeSystemName": "SNOMED CT",
                  "displayName": "Positive PPD"
                },
                "translation": [
                  {
                    "xsi:type": "CD",
                    "code": "795.51",
                    "codeSystem": "2.16.840.1.113883.6.103",
                    "codeSystemName": "ICD-9",
                    "displayName": "Positive PPD"
                  },
                  {
                    "xsi:type": "CD",
                    "code": "R76.11",
                    "codeSystem": "2.16.840.1.113883.6.90",
                    "codeSystemName": "ICD-10",
                    "displayName": "Positive PPD"
                  },
                  {
                    "xsi:type": "CD",
                    "code": "331673",
                    "codeSystem": "2.16.840.1.113883.3.247.1.1",
                    "codeSystemName": "IMO ProblemIT",
                    "displayName": "Positive PPD"
                  }
                ]
              }
            },
            "entryRelationship": {
              "typeCode": "REFR",
              "observation": {
                "classCode": "OBS",
                "moodCode": "EVN",
                "value": {
                  "xsi:type": "CD",
                  "codeSystem": "2.16.840.1.113883.6.96",
                  "codeSystemName": "SNOMED CT",
                  "code": "55561003",
                  "displayName": "Active"
                }
              }
            }
          }
        },
        {
          "effectiveTime": {
            "startDate": {
              "nullFlavor": "UNK"
            },
            "endDate": null
          },
          "entryRelationship": {
            "observation": {
              "typeCode": "SUBJ",
              "observation": {
                "classCode": "OBS",
                "moodCode": "EVN",
                "value": {
                  "xsi:type": "CD",
                  "code": "162863004",
                  "codeSystem": "2.16.840.1.113883.6.96",
                  "codeSystemName": "SNOMED CT",
                  "displayName": "BMI 28.0-28.9,adult"
                },
                "translation": [
                  {
                    "xsi:type": "CD",
                    "code": "V85.24",
                    "codeSystem": "2.16.840.1.113883.6.103",
                    "codeSystemName": "ICD-9",
                    "displayName": "BMI 28.0-28.9,adult"
                  },
                  {
                    "xsi:type": "CD",
                    "code": "Z68.28",
                    "codeSystem": "2.16.840.1.113883.6.90",
                    "codeSystemName": "ICD-10",
                    "displayName": "BMI 28.0-28.9,adult"
                  },
                  {
                    "xsi:type": "CD",
                    "code": "514246",
                    "codeSystem": "2.16.840.1.113883.3.247.1.1",
                    "codeSystemName": "IMO ProblemIT",
                    "displayName": "BMI 28.0-28.9,adult"
                  }
                ]
              }
            },
            "entryRelationship": {
              "typeCode": "REFR",
              "observation": {
                "classCode": "OBS",
                "moodCode": "EVN",
                "value": {
                  "xsi:type": "CD",
                  "codeSystem": "2.16.840.1.113883.6.96",
                  "codeSystemName": "SNOMED CT",
                  "code": "55561003",
                  "displayName": "Active"
                }
              }
            }
          }
        },
        {
          "effectiveTime": {
            "startDate": {
              "nullFlavor": "UNK"
            },
            "endDate": null
          },
          "entryRelationship": {
            "observation": {
              "typeCode": "SUBJ",
              "observation": {
                "classCode": "OBS",
                "moodCode": "EVN",
                "value": {
                  "xsi:type": "CD",
                  "code": "38341003",
                  "codeSystem": "2.16.840.1.113883.6.96",
                  "codeSystemName": "SNOMED CT",
                  "displayName": "Hypertension"
                },
                "translation": [
                  {
                    "xsi:type": "CD",
                    "code": "401.9",
                    "codeSystem": "2.16.840.1.113883.6.103",
                    "codeSystemName": "ICD-9",
                    "displayName": "Hypertension"
                  },
                  {
                    "xsi:type": "CD",
                    "code": "I10",
                    "codeSystem": "2.16.840.1.113883.6.90",
                    "codeSystemName": "ICD-10",
                    "displayName": "Hypertension"
                  },
                  {
                    "xsi:type": "CD",
                    "code": "86491",
                    "codeSystem": "2.16.840.1.113883.3.247.1.1",
                    "codeSystemName": "IMO ProblemIT",
                    "displayName": "Hypertension"
                  }
                ]
              }
            },
            "entryRelationship": {
              "typeCode": "REFR",
              "observation": {
                "classCode": "OBS",
                "moodCode": "EVN",
                "value": {
                  "xsi:type": "CD",
                  "codeSystem": "2.16.840.1.113883.6.96",
                  "codeSystemName": "SNOMED CT",
                  "code": "55561003",
                  "displayName": "Active"
                }
              }
            }
          }
        },
        {
          "effectiveTime": {
            "startDate": {
              "nullFlavor": "UNK"
            },
            "endDate": null
          },
          "entryRelationship": {
            "observation": {
              "typeCode": "SUBJ",
              "observation": {
                "classCode": "OBS",
                "moodCode": "EVN",
                "value": {
                  "xsi:type": "CD",
                  "code": "102660008",
                  "codeSystem": "2.16.840.1.113883.6.96",
                  "codeSystemName": "SNOMED CT",
                  "displayName": "Abnormal glucose"
                },
                "translation": [
                  {
                    "xsi:type": "CD",
                    "code": "790.29",
                    "codeSystem": "2.16.840.1.113883.6.103",
                    "codeSystemName": "ICD-9",
                    "displayName": "Abnormal glucose"
                  },
                  {
                    "xsi:type": "CD",
                    "code": "R73.09",
                    "codeSystem": "2.16.840.1.113883.6.90",
                    "codeSystemName": "ICD-10",
                    "displayName": "Abnormal glucose"
                  },
                  {
                    "xsi:type": "CD",
                    "code": "502252",
                    "codeSystem": "2.16.840.1.113883.3.247.1.1",
                    "codeSystemName": "IMO ProblemIT",
                    "displayName": "Abnormal glucose"
                  }
                ]
              }
            },
            "entryRelationship": {
              "typeCode": "REFR",
              "observation": {
                "classCode": "OBS",
                "moodCode": "EVN",
                "value": {
                  "xsi:type": "CD",
                  "codeSystem": "2.16.840.1.113883.6.96",
                  "codeSystemName": "SNOMED CT",
                  "code": "55561003",
                  "displayName": "Active"
                }
              }
            }
          }
        },
        {
          "effectiveTime": {
            "startDate": {
              "nullFlavor": "UNK"
            },
            "endDate": null
          },
          "entryRelationship": {
            "observation": {
              "typeCode": "SUBJ",
              "observation": {
                "classCode": "OBS",
                "moodCode": "EVN",
                "value": {
                  "xsi:type": "CD",
                  "code": "55822004",
                  "codeSystem": "2.16.840.1.113883.6.96",
                  "codeSystemName": "SNOMED CT",
                  "displayName": "Hyperlipidemia"
                },
                "translation": [
                  {
                    "xsi:type": "CD",
                    "code": "272.4",
                    "codeSystem": "2.16.840.1.113883.6.103",
                    "codeSystemName": "ICD-9",
                    "displayName": "Hyperlipidemia"
                  },
                  {
                    "xsi:type": "CD",
                    "code": "E78.5",
                    "codeSystem": "2.16.840.1.113883.6.90",
                    "codeSystemName": "ICD-10",
                    "displayName": "Hyperlipidemia"
                  },
                  {
                    "xsi:type": "CD",
                    "code": "46743",
                    "codeSystem": "2.16.840.1.113883.3.247.1.1",
                    "codeSystemName": "IMO ProblemIT",
                    "displayName": "Hyperlipidemia"
                  }
                ]
              }
            },
            "entryRelationship": {
              "typeCode": "REFR",
              "observation": {
                "classCode": "OBS",
                "moodCode": "EVN",
                "value": {
                  "xsi:type": "CD",
                  "codeSystem": "2.16.840.1.113883.6.96",
                  "codeSystemName": "SNOMED CT",
                  "code": "55561003",
                  "displayName": "Active"
                }
              }
            }
          }
        },
        {
          "effectiveTime": {
            "startDate": {
              "nullFlavor": "UNK"
            },
            "endDate": null
          },
          "entryRelationship": {
            "observation": {
              "typeCode": "SUBJ",
              "observation": {
                "classCode": "OBS",
                "moodCode": "EVN",
                "value": {
                  "xsi:type": "CD",
                  "code": "79922009",
                  "codeSystem": "2.16.840.1.113883.6.96",
                  "codeSystemName": "SNOMED CT",
                  "displayName": "Abdominal pain, epigastric"
                },
                "translation": [
                  {
                    "xsi:type": "CD",
                    "code": "789.06",
                    "codeSystem": "2.16.840.1.113883.6.103",
                    "codeSystemName": "ICD-9",
                    "displayName": "Abdominal pain, epigastric"
                  },
                  {
                    "xsi:type": "CD",
                    "code": "R10.13",
                    "codeSystem": "2.16.840.1.113883.6.90",
                    "codeSystemName": "ICD-10",
                    "displayName": "Abdominal pain, epigastric"
                  },
                  {
                    "xsi:type": "CD",
                    "code": "32564",
                    "codeSystem": "2.16.840.1.113883.3.247.1.1",
                    "codeSystemName": "IMO ProblemIT",
                    "displayName": "Abdominal pain, epigastric"
                  }
                ]
              }
            },
            "entryRelationship": {
              "typeCode": "REFR",
              "observation": {
                "classCode": "OBS",
                "moodCode": "EVN",
                "value": {
                  "xsi:type": "CD",
                  "codeSystem": "2.16.840.1.113883.6.96",
                  "codeSystemName": "SNOMED CT",
                  "code": "55561003",
                  "displayName": "Active"
                }
              }
            }
          }
        },
        {
          "effectiveTime": {
            "startDate": {
              "nullFlavor": "UNK"
            },
            "endDate": null
          },
          "entryRelationship": {
            "observation": {
              "typeCode": "SUBJ",
              "observation": {
                "classCode": "OBS",
                "moodCode": "EVN",
                "value": {
                  "xsi:type": "CD",
                  "code": "274676007",
                  "codeSystem": "2.16.840.1.113883.6.96",
                  "codeSystemName": "SNOMED CT",
                  "displayName": "Tingling sensation"
                },
                "translation": [
                  {
                    "xsi:type": "CD",
                    "code": "782.0",
                    "codeSystem": "2.16.840.1.113883.6.103",
                    "codeSystemName": "ICD-9",
                    "displayName": "Tingling sensation"
                  },
                  {
                    "xsi:type": "CD",
                    "code": "R20.2",
                    "codeSystem": "2.16.840.1.113883.6.90",
                    "codeSystemName": "ICD-10",
                    "displayName": "Tingling sensation"
                  },
                  {
                    "xsi:type": "CD",
                    "code": "27680",
                    "codeSystem": "2.16.840.1.113883.3.247.1.1",
                    "codeSystemName": "IMO ProblemIT",
                    "displayName": "Tingling sensation"
                  }
                ]
              }
            },
            "entryRelationship": {
              "typeCode": "REFR",
              "observation": {
                "classCode": "OBS",
                "moodCode": "EVN",
                "value": {
                  "xsi:type": "CD",
                  "codeSystem": "2.16.840.1.113883.6.96",
                  "codeSystemName": "SNOMED CT",
                  "code": "55561003",
                  "displayName": "Active"
                }
              }
            }
          }
        },
        {
          "effectiveTime": {
            "startDate": {
              "nullFlavor": "UNK"
            },
            "endDate": null
          },
          "entryRelationship": {
            "observation": {
              "typeCode": "SUBJ",
              "observation": {
                "classCode": "OBS",
                "moodCode": "EVN",
                "value": {
                  "xsi:type": "CD",
                  "code": "305058001",
                  "codeSystem": "2.16.840.1.113883.6.96",
                  "codeSystemName": "SNOMED CT",
                  "displayName": "Contraception management"
                },
                "translation": [
                  {
                    "xsi:type": "CD",
                    "code": "V25.9",
                    "codeSystem": "2.16.840.1.113883.6.103",
                    "codeSystemName": "ICD-9",
                    "displayName": "Contraception management"
                  },
                  {
                    "xsi:type": "CD",
                    "code": "Z30.9",
                    "codeSystem": "2.16.840.1.113883.6.90",
                    "codeSystemName": "ICD-10",
                    "displayName": "Contraception management"
                  },
                  {
                    "xsi:type": "CD",
                    "code": "1001783",
                    "codeSystem": "2.16.840.1.113883.3.247.1.1",
                    "codeSystemName": "IMO ProblemIT",
                    "displayName": "Contraception management"
                  }
                ]
              }
            },
            "entryRelationship": {
              "typeCode": "REFR",
              "observation": {
                "classCode": "OBS",
                "moodCode": "EVN",
                "value": {
                  "xsi:type": "CD",
                  "codeSystem": "2.16.840.1.113883.6.96",
                  "codeSystemName": "SNOMED CT",
                  "code": "55561003",
                  "displayName": "Active"
                }
              }
            }
          }
        },
        {
          "effectiveTime": {
            "startDate": {
              "nullFlavor": "UNK"
            },
            "endDate": null
          },
          "entryRelationship": {
            "observation": {
              "typeCode": "SUBJ",
              "observation": {
                "classCode": "OBS",
                "moodCode": "EVN",
                "value": {
                  "xsi:type": "CD",
                  "code": "80182007",
                  "codeSystem": "2.16.840.1.113883.6.96",
                  "codeSystemName": "SNOMED CT",
                  "displayName": "Irregular menses"
                },
                "translation": [
                  {
                    "xsi:type": "CD",
                    "code": "626.4",
                    "codeSystem": "2.16.840.1.113883.6.103",
                    "codeSystemName": "ICD-9",
                    "displayName": "Irregular menses"
                  },
                  {
                    "xsi:type": "CD",
                    "code": "N92.6",
                    "codeSystem": "2.16.840.1.113883.6.90",
                    "codeSystemName": "ICD-10",
                    "displayName": "Irregular menses"
                  },
                  {
                    "xsi:type": "CD",
                    "code": "314483",
                    "codeSystem": "2.16.840.1.113883.3.247.1.1",
                    "codeSystemName": "IMO ProblemIT",
                    "displayName": "Irregular menses"
                  }
                ]
              }
            },
            "entryRelationship": {
              "typeCode": "REFR",
              "observation": {
                "classCode": "OBS",
                "moodCode": "EVN",
                "value": {
                  "xsi:type": "CD",
                  "codeSystem": "2.16.840.1.113883.6.96",
                  "codeSystemName": "SNOMED CT",
                  "code": "55561003",
                  "displayName": "Active"
                }
              }
            }
          }
        }
      ]
    },
    null,
    {
      "title": "Allergies and Adverse Reactions",
      "allergies": [
        {
          "effectiveTime": {
            "startDate": {
              "nullFlavor": "UNK"
            },
            "endDate": null
          },
          "entryRelationship": {
            "observation": {
              "typeCode": "SUBJ",
              "observation": {
                "classCode": "OBS",
                "moodCode": "EVN",
                "code": {
                  "code": "ASSERTION",
                  "codeSystem": "2.16.840.1.113883.5.4"
                },
                "value": {
                  "xsi:type": "CD",
                  "code": "416098002",
                  "codeSystem": "2.16.840.1.113883.6.96",
                  "codeSystemName": "SNOMED CT",
                  "displayName": "Allergy to drug (finding)"
                }
              }
            },
            "entryRelationship": {
              "observationDiagnosis": {},
              "observationAssertion": {
                "value": {}
              }
            }
          }
        }
      ]
    },
    null
  ]
}
