{
  "resourceType": "Patient",
  "text": {
    "status": "generated",
    "div": "<div xmlns=\"http://www.w3.org/1999/xhtml\">William Jones</div>"
  },
  "identifier": [
    {
      "system": "http://va.gov/fhir/NamingSystem/identifier",
      "value": "VA-103"
    },
    {
      "system": "http://fhirbot.org",
      "value": "555121"
    }
  ],
  "name": [
    {
      "use": "official",
      "text": "Joe Carr",
      "family": "Carr",
      "given": [
        "Joe"
      ]
    }
  ],
  "telecom": [
    {
      "system": "phone",
      "value": "765-342-4356",
      "use": "mobile"
    },
    {
      "system": "email",
      "value": "jc@woohoo.com"
    }
  ],
  "gender": "female",
  "birthDate": "1966-10-07",
  "address": [
    {
      "use": "home",
      "line": [
        "2804 Opryland Dr"
      ],
      "city": "Nashville",
      "state": "TN",
      "postalCode": "37214",
      "country": "USA"
    }
  ]
}
