{
  "totalcount": 6,
  "appointments": [
    {
      "date": "08/26/2021",
      "appointmentid": "1194714",
      "starttime": "02:51",
      "departmentid": "1",
      "appointmentstatus": "f",
      "scheduledby": "API-21206",
      "patientid": "32001",
      "duration": 30,
      "startcheckin": "08/16/2021 20:50:35",
      "templateappointmenttypeid": "62",
      "hl7providerid": 1096,
      "lastmodifiedby": "API-21206",
      "appointmentcopay": {
        "collectedforother": 0,
        "collectedforappointment": 0,
        "insurancecopay": 0
      },
      "copay": 0,
      "renderingproviderid": 1096,
      "appointmenttypeid": "62",
      "lastmodified": "08/16/2021 20:50:35",
      "appointmenttype": "Consult",
      "providerid": "1096",
      "chargeentrynotrequired": false,
      "scheduleddatetime": "08/16/2021 20:48:02",
      "coordinatorenterprise": false,
      "templateappointmentid": "1194714",
      "patientappointmenttypename": "Consultation Visit"
    },
    {
      "date": "08/26/2021",
      "appointmentid": "1194717",
      "starttime": "03:44",
      "departmentid": "1",
      "appointmentstatus": "2",
      "scheduledby": "API-21206",
      "patientid": "32003",
      "duration": 30,
      "startcheckin": "08/16/2021 21:40:12",
      "templateappointmenttypeid": "62",
      "checkindatetime": "08/16/2021 21:41:12",
      "hl7providerid": 1096,
      "lastmodifiedby": "API-21206",
      "appointmentcopay": {
        "collectedforother": 0,
        "collectedforappointment": 0,
        "insurancecopay": 0
      },
      "copay": 0,
      "renderingproviderid": 1096,
      "appointmenttypeid": "62",
      "lastmodified": "08/16/2021 21:42:02",
      "appointmenttype": "Consult",
      "providerid": "1096",
      "stopcheckin": "08/16/2021 21:41:12",
      "chargeentrynotrequired": false,
      "scheduleddatetime": "08/16/2021 21:33:39",
      "coordinatorenterprise": false,
      "templateappointmentid": "1194717",
      "patientappointmenttypename": "Consultation Visit"
    },
    {
      "date": "08/26/2021",
      "appointmentid": "1194837",
      "patientlocationid": "21",
      "starttime": "14:13",
      "departmentid": "1",
      "encounterstate": "OPEN",
      "appointmentstatus": "2",
      "scheduledby": "API-21206",
      "patientid": "32557",
      "duration": 30,
      "encounterid": "41166",
      "startcheckin": "08/26/2021 14:02:31",
      "templateappointmenttypeid": "62",
      "checkindatetime": "08/26/2021 14:04:11",
      "hl7providerid": 26,
      "lastmodifiedby": "API-21206",
      "appointmentcopay": {
        "collectedforother": 0,
        "collectedforappointment": 0,
        "insurancecopay": 0
      },
      "copay": 0,
      "renderingproviderid": 26,
      "appointmenttypeid": "62",
      "lastmodified": "08/26/2021 14:05:06",
      "appointmenttype": "Consult",
      "encounterstatus": "READYFORPROVIDER",
      "providerid": "26",
      "stopcheckin": "08/26/2021 14:04:11",
      "chargeentrynotrequired": false,
      "scheduleddatetime": "08/26/2021 14:01:27",
      "coordinatorenterprise": false,
      "templateappointmentid": "1194837",
      "patientappointmenttypename": "Consultation Visit"
    },
    {
      "date": "08/26/2021",
      "appointmentid": "1194833",
      "patientlocationid": "21",
      "starttime": "14:33",
      "departmentid": "1",
      "encounterstate": "OPEN",
      "appointmentstatus": "2",
      "scheduledby": "API-21206",
      "patientid": "32531",
      "duration": 30,
      "encounterid": "41163",
      "startcheckin": "08/26/2021 08:53:45",
      "templateappointmenttypeid": "62",
      "checkindatetime": "08/26/2021 08:54:40",
      "hl7providerid": 26,
      "lastmodifiedby": "API-21206",
      "appointmentcopay": {
        "collectedforother": 0,
        "collectedforappointment": 0,
        "insurancecopay": 0
      },
      "copay": 0,
      "renderingproviderid": 26,
      "appointmenttypeid": "62",
      "lastmodified": "08/26/2021 08:55:35",
      "appointmenttype": "Consult",
      "encounterstatus": "READYFORPROVIDER",
      "providerid": "26",
      "stopcheckin": "08/26/2021 08:54:40",
      "chargeentrynotrequired": false,
      "scheduleddatetime": "08/26/2021 08:51:43",
      "coordinatorenterprise": false,
      "templateappointmentid": "1194833",
      "patientappointmenttypename": "Consultation Visit"
    },
    {
      "date": "08/26/2021",
      "appointmentid": "1194701",
      "starttime": "22:37",
      "departmentid": "1",
      "appointmentstatus": "f",
      "scheduledby": "API-21206",
      "patientid": "31998",
      "duration": 30,
      "templateappointmenttypeid": "62",
      "hl7providerid": 1096,
      "lastmodifiedby": "API-21206",
      "appointmentcopay": {
        "collectedforother": 0,
        "collectedforappointment": 0,
        "insurancecopay": 0
      },
      "copay": 0,
      "appointmenttypeid": "62",
      "lastmodified": "08/16/2021 18:38:31",
      "appointmenttype": "Consult",
      "providerid": "1096",
      "chargeentrynotrequired": false,
      "scheduleddatetime": "08/16/2021 18:37:39",
      "coordinatorenterprise": false,
      "templateappointmentid": "1194701",
      "patientappointmenttypename": "Consultation Visit"
    },
    {
      "date": "08/26/2021",
      "appointmentid": "1194702",
      "starttime": "22:37",
      "departmentid": "1",
      "appointmentstatus": "f",
      "scheduledby": "API-21206",
      "patientid": "31998",
      "duration": 30,
      "startcheckin": "08/16/2021 18:55:31",
      "templateappointmenttypeid": "62",
      "hl7providerid": 1096,
      "lastmodifiedby": "API-21206",
      "appointmentcopay": {
        "collectedforother": 0,
        "collectedforappointment": 0,
        "insurancecopay": 0
      },
      "copay": 0,
      "renderingproviderid": 1096,
      "appointmenttypeid": "62",
      "lastmodified": "08/16/2021 18:55:31",
      "appointmenttype": "Consult",
      "providerid": "1096",
      "chargeentrynotrequired": false,
      "scheduleddatetime": "08/16/2021 18:42:10",
      "coordinatorenterprise": false,
      "templateappointmentid": "1194702",
      "patientappointmenttypename": "Consultation Visit"
    }
  ]
}