{
  "extension": [
    {
      "valueCodeableConcept": {
        "text": "Unknown",
        "coding": [
          {
            "system": "http://hl7.org/fhir/v3/NullFlavor",
            "display": "Unknown",
            "code": "UNK"
          }
        ]
      },
      "url": "http://hl7.org/fhir/StructureDefinition/us-core-birth-sex"
    }
  ],
  "resourceType": "Patient",
  "name": [
    {
      "given": [
        "Jamey"
      ],
      "use": "official",
      "family": [
        "O'Conner"
      ]
    }
  ],
  "birthDate": "1980-12-23",
  "identifier": [
    {
      "system": "urn:oid:2.16.840.1.113883.3.564.195900",
      "use": "official",
      "value": "1096"
    }
  ],
  "id": "Patient-195900.1.1096",
  "address": [
    {
      "city": "East Ford",
      "use": "home",
      "postalCode": "43799",
      "state": "ME",
      "line": [
        "85166 Alexys Streets, La"
      ]
    }
  ],
  "communication": [
    {
      "language": {
        "coding": [
          {
            "system": "http://tools.ietf.org/html/rfc5646"
          }
        ]
      }
    }
  ],
  "telecom": [
    {
      "use": "home",
      "system": "phone",
      "value": "555-351-6538"
    },
    {
      "system": "email",
      "value": "benjamin.ziemeitaque8179356@bode.info"
    }
  ],
  "gender": "female"
}
//-----------------------------------------------------------

[
  {
    "email": "benjamin.ziemeitaque8179356@bode.info",
    "departmentid": "1",
    "homephone": "5553516538",
    "portalaccessgiven": true,
    "driverslicense": false,
    "contactpreference_appointment_email": true,
    "contactpreference_appointment_sms": false,
    "contactpreference_billing_phone": true,
    "contactpreference_announcement_phone": true,
    "contactpreference_lab_sms": false,
    "zip": "43799",
    "guarantoraddresssameaspatient": false,
    "portaltermsonfile": true,
    "status": "active",
    "lastname": "O'Conner",
    "city": "EAST FORD",
    "sex": "F",
    "privacyinformationverified": false,
    "primarydepartmentid": "1",
    "contactpreference_lab_email": true,
    "balances": [
      {
        "balance": 0,
        "departmentlist": "1,21,102,145,148,150,157,162,166,168",
        "providergroupid": 1,
        "cleanbalance": true
      }
    ],
    "contactpreference_announcement_sms": false,
    "primaryproviderid": "71",
    "patientphoto": false,
    "contactpreference_billing_email": true,
    "contactpreference_announcement_email": true,
    "registrationdate": "07/02/2012",
    "firstname": "Jamey",
    "guarantorcountrycode": "USA",
    "state": "ME",
    "contactpreference_appointment_phone": true,
    "patientid": "1096",
    "dob": "12/23/1980",
    "guarantorrelationshiptopatient": "1",
    "address1": "85166 Alexys Streets, La",
    "contactpreference_billing_sms": false,
    "maritalstatus": "U",
    "countrycode": "USA",
    "maritalstatusname": "UNKNOWN",
    "consenttotext": false,
    "countrycode3166": "US",
    "onlinestatementonly": true,
    "contactpreference_lab_phone": true,
    "guarantorcountrycode3166": "US"
  }
]