[
  {
    "title": "Alerts, allergies and adverse reactions",
    "allergies": [
      {
        "effectiveTime": {
          "startDate": {
            "nullFlavor": "UNK"
          },
          "endDate": null
        },
        "entryRelationship": {
          "observation": {
            "typeCode": "SUBJ",
            "observation": {
              "classCode": "OBS",
              "moodCode": "EVN",
              "code": {
                "code": "ASSERTION",
                "codeSystem": "2.16.840.1.113883.5.4"
              },
              "value": {
                "xsi:type": "CD",
                "originalText": {
                  "reference": {
                    "value": "#ID0EN1AG_93f3fb28-2a72-4538-b6a9-2599c4601add"
                  }
                },
                "translation": {
                  "code": "416098002",
                  "codeSystem": "2.16.840.1.113883.6.96",
                  "codeSystemName": "SNOMED CT",
                  "displayName": "Allergy to drug (finding)",
                  "xsi:type": "CD"
                }
              },
              "participant": {
                "typeCode": "CSM",
                "participantRole": {
                  "classCode": "MANU",
                  "playingEntity": {
                    "classCode": "MMAT",
                    "code": {
                      "nullFlavor": "OTH",
                      "originalText": {
                        "reference": {
                          "value": "#ID0EN1AG_93f3fb28-2a72-4538-b6a9-2599c4601add"
                        }
                      },
                      "translation": {
                        "code": "293586001",
                        "codeSystem": "2.16.840.1.113883.6.96",
                        "codeSystemName": "SNOMED CT",
                        "displayName": "Aspirin TBCR",
                        "xsi:type": "CD"
                      }
                    },
                    "name": "Aspirin TBCR"
                  }
                }
              }
            }
          },
          "entryRelationship": {
            "observationDiagnosis": {},
            "observationAssertion": {
              "value": {
                "participant": {
                  "typeCode": "CSM",
                  "participantRole": {
                    "classCode": "MANU",
                    "playingEntity": {
                      "classCode": "MMAT",
                      "code": {
                        "nullFlavor": "OTH",
                        "originalText": {
                          "reference": {
                            "value": "#ID0EN1AG_93f3fb28-2a72-4538-b6a9-2599c4601add"
                          }
                        },
                        "translation": {
                          "code": "293586001",
                          "codeSystem": "2.16.840.1.113883.6.96",
                          "codeSystemName": "SNOMED CT",
                          "displayName": "Aspirin TBCR",
                          "xsi:type": "CD"
                        }
                      },
                      "name": "Aspirin TBCR"
                    }
                  }
                }
              }
            }
          }
        }
      }
    ]
  },
  {
    "title": "Problems",
    "problems": [
      {
        "effectiveTime": {
          "startDate": {
            "nullFlavor": "UNK"
          },
          "endDate": null
        },
        "entryRelationship": {
          "observation": {
            "typeCode": "SUBJ",
            "observation": {
              "classCode": "OBS",
              "moodCode": "EVN",
              "code": {
                "code": "75326-9",
                "codeSystem": "2.16.840.1.113883.6.1",
                "codeSystemName": "LOINC",
                "displayName": "Problem"
              },
              "value": {
                "xsi:type": "CD"
              },
              "translation": [
                {
                  "code": "401.9",
                  "codeSystem": "2.16.840.1.113883.6.103",
                  "codeSystemName": "ICD-9",
                  "displayName": "Hypertension",
                  "xsi:type": "CD"
                },
                {
                  "code": "I10",
                  "codeSystem": "2.16.840.1.113883.6.90",
                  "codeSystemName": "ICD-10",
                  "displayName": "Hypertension",
                  "xsi:type": "CD"
                },
                {
                  "code": "86491",
                  "codeSystem": "2.16.840.1.113883.3.247.1.1",
                  "codeSystemName": "IMO ProblemIT",
                  "displayName": "Hypertension",
                  "xsi:type": "CD"
                },
                {
                  "code": "38341003",
                  "codeSystem": "2.16.840.1.113883.6.96",
                  "codeSystemName": "SNOMED CT",
                  "displayName": "Hypertension",
                  "xsi:type": "CD"
                }
              ]
            }
          },
          "entryRelationship": {
            "typeCode": "REFR",
            "observation": {
              "classCode": "OBS",
              "moodCode": "EVN",
              "value": {
                "code": "55561003",
                "codeSystem": "2.16.840.1.113883.6.96",
                "codeSystemName": "SNOMED CT",
                "displayName": "Active",
                "xsi:type": "CD"
              }
            }
          }
        }
      },
      {
        "effectiveTime": {
          "startDate": {
            "nullFlavor": "UNK"
          },
          "endDate": null
        },
        "entryRelationship": {
          "observation": {
            "typeCode": "SUBJ",
            "observation": {
              "classCode": "OBS",
              "moodCode": "EVN",
              "code": {
                "code": "75326-9",
                "codeSystem": "2.16.840.1.113883.6.1",
                "codeSystemName": "LOINC",
                "displayName": "Problem"
              },
              "value": {
                "xsi:type": "CD"
              },
              "translation": [
                {
                  "code": "478.19",
                  "codeSystem": "2.16.840.1.113883.6.103",
                  "codeSystemName": "ICD-9",
                  "displayName": "Congestion of nasal sinus",
                  "xsi:type": "CD"
                },
                {
                  "code": "R09.81",
                  "codeSystem": "2.16.840.1.113883.6.90",
                  "codeSystemName": "ICD-10",
                  "displayName": "Congestion of nasal sinus",
                  "xsi:type": "CD"
                },
                {
                  "code": "566051",
                  "codeSystem": "2.16.840.1.113883.3.247.1.1",
                  "codeSystemName": "IMO ProblemIT",
                  "displayName": "Congestion of nasal sinus",
                  "xsi:type": "CD"
                },
                {
                  "code": "82297005",
                  "codeSystem": "2.16.840.1.113883.6.96",
                  "codeSystemName": "SNOMED CT",
                  "displayName": "Congestion of nasal sinus",
                  "xsi:type": "CD"
                }
              ]
            }
          },
          "entryRelationship": {
            "typeCode": "REFR",
            "observation": {
              "classCode": "OBS",
              "moodCode": "EVN",
              "value": {
                "code": "55561003",
                "codeSystem": "2.16.840.1.113883.6.96",
                "codeSystemName": "SNOMED CT",
                "displayName": "Active",
                "xsi:type": "CD"
              }
            }
          }
        }
      },
      {
        "effectiveTime": {
          "startDate": {
            "nullFlavor": "UNK"
          },
          "endDate": null
        },
        "entryRelationship": {
          "observation": {
            "typeCode": "SUBJ",
            "observation": {
              "classCode": "OBS",
              "moodCode": "EVN",
              "code": {
                "code": "75326-9",
                "codeSystem": "2.16.840.1.113883.6.1",
                "codeSystemName": "LOINC",
                "displayName": "Problem"
              },
              "value": {
                "xsi:type": "CD"
              },
              "translation": [
                {
                  "code": "490",
                  "codeSystem": "2.16.840.1.113883.6.103",
                  "codeSystemName": "ICD-9",
                  "displayName": "Bronchitis",
                  "xsi:type": "CD"
                },
                {
                  "code": "J40",
                  "codeSystem": "2.16.840.1.113883.6.90",
                  "codeSystemName": "ICD-10",
                  "displayName": "Bronchitis",
                  "xsi:type": "CD"
                },
                {
                  "code": "85016",
                  "codeSystem": "2.16.840.1.113883.3.247.1.1",
                  "codeSystemName": "IMO ProblemIT",
                  "displayName": "Bronchitis",
                  "xsi:type": "CD"
                },
                {
                  "code": "32398004",
                  "codeSystem": "2.16.840.1.113883.6.96",
                  "codeSystemName": "SNOMED CT",
                  "displayName": "Bronchitis",
                  "xsi:type": "CD"
                }
              ]
            }
          },
          "entryRelationship": {
            "typeCode": "REFR",
            "observation": {
              "classCode": "OBS",
              "moodCode": "EVN",
              "value": {
                "code": "55561003",
                "codeSystem": "2.16.840.1.113883.6.96",
                "codeSystemName": "SNOMED CT",
                "displayName": "Active",
                "xsi:type": "CD"
              }
            }
          }
        }
      },
      {
        "effectiveTime": {
          "startDate": {
            "nullFlavor": "UNK"
          },
          "endDate": null
        },
        "entryRelationship": {
          "observation": {
            "typeCode": "SUBJ",
            "observation": {
              "classCode": "OBS",
              "moodCode": "EVN",
              "code": {
                "code": "75326-9",
                "codeSystem": "2.16.840.1.113883.6.1",
                "codeSystemName": "LOINC",
                "displayName": "Problem"
              },
              "value": {
                "xsi:type": "CD"
              },
              "translation": [
                {
                  "code": "784.0",
                  "codeSystem": "2.16.840.1.113883.6.103",
                  "codeSystemName": "ICD-9",
                  "displayName": "Headache",
                  "xsi:type": "CD"
                },
                {
                  "code": "R51",
                  "codeSystem": "2.16.840.1.113883.6.90",
                  "codeSystemName": "ICD-10",
                  "displayName": "Headache",
                  "xsi:type": "CD"
                },
                {
                  "code": "45536",
                  "codeSystem": "2.16.840.1.113883.3.247.1.1",
                  "codeSystemName": "IMO ProblemIT",
                  "displayName": "Headache",
                  "xsi:type": "CD"
                },
                {
                  "code": "25064002",
                  "codeSystem": "2.16.840.1.113883.6.96",
                  "codeSystemName": "SNOMED CT",
                  "displayName": "Headache",
                  "xsi:type": "CD"
                }
              ]
            }
          },
          "entryRelationship": {
            "typeCode": "REFR",
            "observation": {
              "classCode": "OBS",
              "moodCode": "EVN",
              "value": {
                "code": "55561003",
                "codeSystem": "2.16.840.1.113883.6.96",
                "codeSystemName": "SNOMED CT",
                "displayName": "Active",
                "xsi:type": "CD"
              }
            }
          }
        }
      }
    ]
  },
  {
    "title": "Immunizations",
    "immunizations": [
      {
        "effectiveTime": "20000802",
        "consumable": {
          "typeCode": "CSM",
          "manufacturedProduct": {
            "classCode": "MANU",
            "manufacturedMaterial": {
              "code": {
                "translation": {
                  "code": "21",
                  "codeSystem": "2.16.840.1.113883.12.292",
                  "codeSystemName": "CVX",
                  "displayName": "Varicella"
                }
              }
            }
          }
        },
        "entryRelationship": {
          "typeCode": "SUBJ",
          "observation": {
            "classCode": "OBS",
            "moodCode": "EVN",
            "templateId": {
              "root": "2.16.840.1.113883.10.20.1.46"
            },
            "code": {
              "code": "30973-2",
              "codeSystem": "2.16.840.1.113883.6.1",
              "codeSystemName": "LOINC",
              "displayName": "Dose Number"
            },
            "statusCode": {
              "code": "completed"
            },
            "value": {
              "value": "3",
              "xsi:type": "INT"
            }
          }
        }
      },
      {
        "effectiveTime": "20010131",
        "consumable": {
          "typeCode": "CSM",
          "manufacturedProduct": {
            "classCode": "MANU",
            "manufacturedMaterial": {
              "code": {
                "translation": [
                  {
                    "code": "00026063401",
                    "codeSystem": "2.16.840.1.113883.6.69",
                    "codeSystemName": "NDC",
                    "displayName": "Tetanus IG"
                  },
                  {
                    "code": "13",
                    "codeSystem": "2.16.840.1.113883.12.292",
                    "codeSystemName": "CVX",
                    "displayName": "Tetanus IG"
                  }
                ]
              }
            }
          }
        }
      },
      {
        "effectiveTime": "20010207",
        "consumable": {
          "typeCode": "CSM",
          "manufacturedProduct": {
            "classCode": "MANU",
            "manufacturedMaterial": {
              "code": {
                "translation": [
                  {
                    "code": "00006484100",
                    "codeSystem": "2.16.840.1.113883.6.69",
                    "codeSystemName": "NDC",
                    "displayName": "Hepatitis A"
                  },
                  {
                    "code": "85",
                    "codeSystem": "2.16.840.1.113883.12.292",
                    "codeSystemName": "CVX",
                    "displayName": "Hepatitis A"
                  }
                ]
              }
            }
          }
        }
      },
      {
        "effectiveTime": "20020502",
        "consumable": {
          "typeCode": "CSM",
          "manufacturedProduct": {
            "classCode": "MANU",
            "manufacturedMaterial": {
              "code": {
                "translation": {
                  "code": "13",
                  "codeSystem": "2.16.840.1.113883.12.292",
                  "codeSystemName": "CVX",
                  "displayName": "Tetanus IG"
                }
              }
            }
          }
        }
      },
      {
        "effectiveTime": "200306",
        "consumable": {
          "typeCode": "CSM",
          "manufacturedProduct": {
            "classCode": "MANU",
            "manufacturedMaterial": {
              "code": {
                "translation": {
                  "code": "43",
                  "codeSystem": "2.16.840.1.113883.12.292",
                  "codeSystemName": "CVX",
                  "displayName": "Hep B (Recombinant)"
                }
              }
            }
          }
        },
        "entryRelationship": {
          "typeCode": "SUBJ",
          "observation": {
            "classCode": "OBS",
            "moodCode": "EVN",
            "templateId": {
              "root": "2.16.840.1.113883.10.20.1.46"
            },
            "code": {
              "code": "30973-2",
              "codeSystem": "2.16.840.1.113883.6.1",
              "codeSystemName": "LOINC",
              "displayName": "Dose Number"
            },
            "statusCode": {
              "code": "completed"
            },
            "value": {
              "value": "3",
              "xsi:type": "INT"
            }
          }
        }
      },
      {
        "effectiveTime": "20031007",
        "consumable": {
          "typeCode": "CSM",
          "manufacturedProduct": {
            "classCode": "MANU",
            "manufacturedMaterial": {
              "code": {
                "translation": {
                  "code": "16",
                  "codeSystem": "2.16.840.1.113883.12.292",
                  "codeSystemName": "CVX",
                  "displayName": "Influenza (Whole)"
                }
              }
            }
          }
        },
        "entryRelationship": {
          "typeCode": "SUBJ",
          "observation": {
            "classCode": "OBS",
            "moodCode": "EVN",
            "templateId": {
              "root": "2.16.840.1.113883.10.20.1.46"
            },
            "code": {
              "code": "30973-2",
              "codeSystem": "2.16.840.1.113883.6.1",
              "codeSystemName": "LOINC",
              "displayName": "Dose Number"
            },
            "statusCode": {
              "code": "completed"
            },
            "value": {
              "value": "1",
              "xsi:type": "INT"
            }
          }
        }
      },
      {
        "effectiveTime": "20040205",
        "consumable": {
          "typeCode": "CSM",
          "manufacturedProduct": {
            "classCode": "MANU",
            "manufacturedMaterial": {
              "code": {
                "translation": {
                  "code": "43",
                  "codeSystem": "2.16.840.1.113883.12.292",
                  "codeSystemName": "CVX",
                  "displayName": "Hep B (Recombinant)"
                }
              }
            }
          }
        },
        "entryRelationship": {
          "typeCode": "SUBJ",
          "observation": {
            "classCode": "OBS",
            "moodCode": "EVN",
            "templateId": {
              "root": "2.16.840.1.113883.10.20.1.46"
            },
            "code": {
              "code": "30973-2",
              "codeSystem": "2.16.840.1.113883.6.1",
              "codeSystemName": "LOINC",
              "displayName": "Dose Number"
            },
            "statusCode": {
              "code": "completed"
            },
            "value": {
              "value": "3",
              "xsi:type": "INT"
            }
          }
        }
      },
      {
        "effectiveTime": "20040302",
        "consumable": {
          "typeCode": "CSM",
          "manufacturedProduct": {
            "classCode": "MANU",
            "manufacturedMaterial": {
              "code": {
                "translation": {
                  "code": "13",
                  "codeSystem": "2.16.840.1.113883.12.292",
                  "codeSystemName": "CVX",
                  "displayName": "Tetanus IG"
                }
              }
            }
          }
        }
      },
      {
        "effectiveTime": "200403",
        "consumable": {
          "typeCode": "CSM",
          "manufacturedProduct": {
            "classCode": "MANU",
            "manufacturedMaterial": {
              "code": {
                "translation": {
                  "code": "43",
                  "codeSystem": "2.16.840.1.113883.12.292",
                  "codeSystemName": "CVX",
                  "displayName": "Hep B (Recombinant)"
                }
              }
            }
          }
        },
        "entryRelationship": {
          "typeCode": "SUBJ",
          "observation": {
            "classCode": "OBS",
            "moodCode": "EVN",
            "templateId": {
              "root": "2.16.840.1.113883.10.20.1.46"
            },
            "code": {
              "code": "30973-2",
              "codeSystem": "2.16.840.1.113883.6.1",
              "codeSystemName": "LOINC",
              "displayName": "Dose Number"
            },
            "statusCode": {
              "code": "completed"
            },
            "value": {
              "value": "3",
              "xsi:type": "INT"
            }
          }
        }
      },
      {
        "effectiveTime": "20040315",
        "consumable": {
          "typeCode": "CSM",
          "manufacturedProduct": {
            "classCode": "MANU",
            "manufacturedMaterial": {
              "code": {
                "translation": {
                  "code": "141",
                  "codeSystem": "2.16.840.1.113883.12.292",
                  "codeSystemName": "CVX",
                  "displayName": "Influenza (Surf Ag)"
                }
              }
            }
          }
        }
      },
      {
        "effectiveTime": "20040322",
        "consumable": {
          "typeCode": "CSM",
          "manufacturedProduct": {
            "classCode": "MANU",
            "manufacturedMaterial": {
              "code": {
                "translation": {
                  "code": "16",
                  "codeSystem": "2.16.840.1.113883.12.292",
                  "codeSystemName": "CVX",
                  "displayName": "Influenza (Whole)"
                }
              }
            }
          }
        }
      },
      {
        "effectiveTime": "20040328",
        "consumable": {
          "typeCode": "CSM",
          "manufacturedProduct": {
            "classCode": "MANU",
            "manufacturedMaterial": {
              "code": {
                "translation": {
                  "code": "28",
                  "codeSystem": "2.16.840.1.113883.12.292",
                  "codeSystemName": "CVX",
                  "displayName": "DT"
                }
              }
            }
          }
        }
      },
      {
        "effectiveTime": "20040329",
        "consumable": {
          "typeCode": "CSM",
          "manufacturedProduct": {
            "classCode": "MANU",
            "manufacturedMaterial": {
              "code": {
                "translation": {
                  "code": "16",
                  "codeSystem": "2.16.840.1.113883.12.292",
                  "codeSystemName": "CVX",
                  "displayName": "Influenza (Whole)"
                }
              }
            }
          }
        }
      },
      {
        "effectiveTime": "20040405",
        "consumable": {
          "typeCode": "CSM",
          "manufacturedProduct": {
            "classCode": "MANU",
            "manufacturedMaterial": {
              "code": {
                "translation": {
                  "code": "104",
                  "codeSystem": "2.16.840.1.113883.12.292",
                  "codeSystemName": "CVX",
                  "displayName": "Hepatitis A and Hepatitis B vaccine"
                }
              }
            }
          }
        }
      },
      {
        "effectiveTime": "20040412",
        "consumable": {
          "typeCode": "CSM",
          "manufacturedProduct": {
            "classCode": "MANU",
            "manufacturedMaterial": {
              "code": {
                "translation": {
                  "code": "15",
                  "codeSystem": "2.16.840.1.113883.12.292",
                  "codeSystemName": "CVX",
                  "displayName": "Influenza (Split)"
                }
              }
            }
          }
        }
      },
      {
        "effectiveTime": "20040419",
        "consumable": {
          "typeCode": "CSM",
          "manufacturedProduct": {
            "classCode": "MANU",
            "manufacturedMaterial": {
              "code": {
                "translation": {
                  "code": "15",
                  "codeSystem": "2.16.840.1.113883.12.292",
                  "codeSystemName": "CVX",
                  "displayName": "Influenza (Split)"
                }
              }
            }
          }
        },
        "entryRelationship": {
          "typeCode": "SUBJ",
          "observation": {
            "classCode": "OBS",
            "moodCode": "EVN",
            "templateId": {
              "root": "2.16.840.1.113883.10.20.1.46"
            },
            "code": {
              "code": "30973-2",
              "codeSystem": "2.16.840.1.113883.6.1",
              "codeSystemName": "LOINC",
              "displayName": "Dose Number"
            },
            "statusCode": {
              "code": "completed"
            },
            "value": {
              "value": "1",
              "xsi:type": "INT"
            }
          }
        }
      },
      {
        "effectiveTime": "20040428",
        "consumable": {
          "typeCode": "CSM",
          "manufacturedProduct": {
            "classCode": "MANU",
            "manufacturedMaterial": {
              "code": {
                "translation": {
                  "code": "43",
                  "codeSystem": "2.16.840.1.113883.12.292",
                  "codeSystemName": "CVX",
                  "displayName": "Hep B (Recombinant)"
                }
              }
            }
          }
        },
        "entryRelationship": {
          "typeCode": "SUBJ",
          "observation": {
            "classCode": "OBS",
            "moodCode": "EVN",
            "templateId": {
              "root": "2.16.840.1.113883.10.20.1.46"
            },
            "code": {
              "code": "30973-2",
              "codeSystem": "2.16.840.1.113883.6.1",
              "codeSystemName": "LOINC",
              "displayName": "Dose Number"
            },
            "statusCode": {
              "code": "completed"
            },
            "value": {
              "value": "3",
              "xsi:type": "INT"
            }
          }
        }
      },
      {
        "effectiveTime": "20040503",
        "consumable": {
          "typeCode": "CSM",
          "manufacturedProduct": {
            "classCode": "MANU",
            "manufacturedMaterial": {
              "code": {
                "translation": {
                  "code": "16",
                  "codeSystem": "2.16.840.1.113883.12.292",
                  "codeSystemName": "CVX",
                  "displayName": "Influenza (Whole)"
                }
              }
            }
          }
        }
      },
      {
        "effectiveTime": "20040507",
        "consumable": {
          "typeCode": "CSM",
          "manufacturedProduct": {
            "classCode": "MANU",
            "manufacturedMaterial": {
              "code": {
                "translation": {
                  "code": "85",
                  "codeSystem": "2.16.840.1.113883.12.292",
                  "codeSystemName": "CVX",
                  "displayName": "Hepatitis A"
                }
              }
            }
          }
        }
      },
      {
        "effectiveTime": "20040510",
        "consumable": {
          "typeCode": "CSM",
          "manufacturedProduct": {
            "classCode": "MANU",
            "manufacturedMaterial": {
              "code": {
                "translation": {
                  "code": "15",
                  "codeSystem": "2.16.840.1.113883.12.292",
                  "codeSystemName": "CVX",
                  "displayName": "Influenza (Split)"
                }
              }
            }
          }
        }
      },
      {
        "effectiveTime": "20040719",
        "consumable": {
          "typeCode": "CSM",
          "manufacturedProduct": {
            "classCode": "MANU",
            "manufacturedMaterial": {
              "code": {
                "translation": {
                  "code": "43",
                  "codeSystem": "2.16.840.1.113883.12.292",
                  "codeSystemName": "CVX",
                  "displayName": "Hep B (Recombinant)"
                }
              }
            }
          }
        }
      },
      {
        "effectiveTime": "20040719",
        "consumable": {
          "typeCode": "CSM",
          "manufacturedProduct": {
            "classCode": "MANU",
            "manufacturedMaterial": {
              "code": {
                "translation": {
                  "code": "15",
                  "codeSystem": "2.16.840.1.113883.12.292",
                  "codeSystemName": "CVX",
                  "displayName": "Influenza (Split)"
                }
              }
            }
          }
        }
      },
      {
        "effectiveTime": "20040726",
        "consumable": {
          "typeCode": "CSM",
          "manufacturedProduct": {
            "classCode": "MANU",
            "manufacturedMaterial": {
              "code": {
                "translation": {
                  "code": "43",
                  "codeSystem": "2.16.840.1.113883.12.292",
                  "codeSystemName": "CVX",
                  "displayName": "Hep B (Recombinant)"
                }
              }
            }
          }
        }
      },
      {
        "effectiveTime": "20040726",
        "consumable": {
          "typeCode": "CSM",
          "manufacturedProduct": {
            "classCode": "MANU",
            "manufacturedMaterial": {
              "code": {
                "translation": {
                  "code": "141",
                  "codeSystem": "2.16.840.1.113883.12.292",
                  "codeSystemName": "CVX",
                  "displayName": "Influenza (Surf Ag)"
                }
              }
            }
          }
        }
      },
      {
        "effectiveTime": "20040802",
        "consumable": {
          "typeCode": "CSM",
          "manufacturedProduct": {
            "classCode": "MANU",
            "manufacturedMaterial": {
              "code": {
                "translation": {
                  "code": "85",
                  "codeSystem": "2.16.840.1.113883.12.292",
                  "codeSystemName": "CVX",
                  "displayName": "Hepatitis A"
                }
              }
            }
          }
        }
      },
      {
        "effectiveTime": "20040802",
        "consumable": {
          "typeCode": "CSM",
          "manufacturedProduct": {
            "classCode": "MANU",
            "manufacturedMaterial": {
              "code": {
                "translation": {
                  "code": "149",
                  "codeSystem": "2.16.840.1.113883.12.292",
                  "codeSystemName": "CVX",
                  "displayName": "Influenza (Nasal)"
                }
              }
            }
          }
        },
        "entryRelationship": {
          "typeCode": "SUBJ",
          "observation": {
            "classCode": "OBS",
            "moodCode": "EVN",
            "templateId": {
              "root": "2.16.840.1.113883.10.20.1.46"
            },
            "code": {
              "code": "30973-2",
              "codeSystem": "2.16.840.1.113883.6.1",
              "codeSystemName": "LOINC",
              "displayName": "Dose Number"
            },
            "statusCode": {
              "code": "completed"
            },
            "value": {
              "value": "2",
              "xsi:type": "INT"
            }
          }
        }
      },
      {
        "effectiveTime": "20070605",
        "consumable": {
          "typeCode": "CSM",
          "manufacturedProduct": {
            "classCode": "MANU",
            "manufacturedMaterial": {
              "code": {
                "translation": {
                  "code": "134",
                  "codeSystem": "2.16.840.1.113883.12.292",
                  "codeSystemName": "CVX",
                  "displayName": "Japanese Enceph"
                }
              }
            }
          }
        }
      },
      {
        "effectiveTime": "20070710",
        "consumable": {
          "typeCode": "CSM",
          "manufacturedProduct": {
            "classCode": "MANU",
            "manufacturedMaterial": {
              "code": {
                "translation": {
                  "code": "141",
                  "codeSystem": "2.16.840.1.113883.12.292",
                  "codeSystemName": "CVX",
                  "displayName": "Influenza"
                }
              }
            }
          }
        }
      },
      {
        "consumable": {
          "typeCode": "CSM",
          "manufacturedProduct": {
            "classCode": "MANU",
            "manufacturedMaterial": {
              "code": {
                "translation": {
                  "code": "33",
                  "codeSystem": "2.16.840.1.113883.12.292",
                  "codeSystemName": "CVX",
                  "displayName": "Pneumococcal polysaccharide vaccine, 23 valent"
                }
              }
            }
          }
        },
        "entryRelationship": {
          "inversionInd": "true",
          "typeCode": "SUBJ",
          "act": {
            "classCode": "ACT",
            "moodCode": "EVN",
            "templateId": {
              "root": "2.16.840.1.113883.10.20.22.4.64"
            },
            "code": {
              "code": "48767-8",
              "codeSystem": "2.16.840.1.113883.6.1",
              "codeSystemName": "LOINC",
              "displayName": "Annotation Comment"
            },
            "text": {
              "reference": {
                "value": "#ID0ET5AI_93f3fb28-2a72-4538-b6a9-2599c4601add"
              }
            },
            "statusCode": {
              "code": "completed"
            }
          }
        }
      },
      {
        "effectiveTime": "20140923",
        "consumable": {
          "typeCode": "CSM",
          "manufacturedProduct": {
            "classCode": "MANU",
            "manufacturedMaterial": {
              "code": {
                "translation": {
                  "code": "141",
                  "codeSystem": "2.16.840.1.113883.12.292",
                  "codeSystemName": "CVX",
                  "displayName": "Influenza"
                }
              }
            }
          }
        }
      }
    ]
  },
  {
    "title": "Medications",
    "medications": [
      {
        "effectiveTime": {
          "endDate": null
        },
        "consumable": {
          "typeCode": "CSM",
          "manufacturedProduct": {
            "classCode": "MANU",
            "manufacturedMaterial": {
              "code": {
                "code": null,
                "codeSystem": null,
                "codeSystemName": null,
                "displayName": null
              },
              "originalText": {
                "reference": {
                  "value": "#ID0E11BG_93f3fb28-2a72-4538-b6a9-2599c4601add"
                }
              },
              "translation": [
                {
                  "code": "69618001010",
                  "codeSystem": "2.16.840.1.113883.6.69",
                  "codeSystemName": "NDC",
                  "displayName": "Acetaminophen 325 MG Oral Tablet"
                },
                {
                  "code": "313782",
                  "codeSystem": "2.16.840.1.113883.6.88",
                  "codeSystemName": "RxNorm",
                  "displayName": "Acetaminophen 325 MG Oral Tablet"
                }
              ]
            },
            "name": "Acetaminophen                 "
          }
        },
        "entryRelationship": {
          "observation": {
            "typeCode": "REFR",
            "observation": {
              "classCode": "OBS",
              "moodCode": "EVN",
              "code": {
                "code": "33999-4",
                "displayName": "Status",
                "codeSystem": "2.16.840.1.113883.6.1",
                "codeSystemName": "LOINC"
              },
              "value": {
                "xsi:type": "CE",
                "codeSystem": "2.16.840.1.113883.6.96",
                "codeSystemName": "SNOMED CT",
                "code": "55561003",
                "displayName": "Active"
              }
            }
          },
          "supply": {
            "typeCode": "REFR",
            "supply": {
              "classCode": "SPLY",
              "moodCode": "INT",
              "refill": "1",
              "product": {
                "classCode": "MANU",
                "code": {
                  "code": "313782",
                  "codeSystem": "2.16.840.1.113883.6.88",
                  "codeSystemName": "RxNorm",
                  "displayName": "Acetaminophen 325 MG Oral Tablet"
                },
                "translation": {
                  "code": "69618001010",
                  "codeSystem": "2.16.840.1.113883.6.69",
                  "codeSystemName": "NDC",
                  "displayName": "Acetaminophen 325 MG Oral Tablet"
                },
                "author": {
                  "assignedAuthor": {
                    "practiceStreetAddress": {
                      "nullFlavor": "UNK"
                    },
                    "practiceCity": {
                      "nullFlavor": "UNK"
                    },
                    "practiceState": {
                      "nullFlavor": "UNK"
                    },
                    "practicePostalCode": {
                      "nullFlavor": "UNK"
                    },
                    "practiceCountry": {
                      "nullFlavor": "UNK"
                    },
                    "doctorFamilyName": {
                      "nullFlavor": "NAV"
                    },
                    "doctorGivenName": {
                      "nullFlavor": "NAV"
                    }
                  }
                }
              }
            }
          },
          "substanceAdministration": {
            "substanceAdministration": {
              "code": {}
            }
          }
        }
      }
    ]
  }
]