{
  "totalcount": 35,
  "appointments": [
    {
      "date": "10/28/2021",
      "appointmentid": "1195739",
      "starttime": "09:00",
      "departmentid": "1",
      "appointmentstatus": "f",
      "scheduledby": "API-21587",
      "patientid": "34349",
      "duration": 30,
      "templateappointmenttypeid": "21",
      "hl7providerid": 1096,
      "lastmodifiedby": "API-21587",
      "appointmentcopay": {
        "collectedforother": 0,
        "collectedforappointment": 0,
        "insurancecopay": 0
      },
      "copay": 0,
      "appointmenttypeid": "4",
      "lastmodified": "10/19/2021 10:03:22",
      "appointmenttype": "PHYSICAL EXAM",
      "providerid": "1096",
      "chargeentrynotrequired": false,
      "scheduleddatetime": "10/19/2021 10:02:25",
      "coordinatorenterprise": false,
      "templateappointmentid": "1192932",
      "patientappointmenttypename": "Physical Exam Visit"
    },
    {
      "date": "10/27/2021",
      "appointmentid": "1196870",
      "starttime": "10:00",
      "departmentid": "1",
      "appointmentstatus": "f",
      "scheduledby": "API-21214",
      "patientid": "35948",
      "duration": 30,
      "templateappointmenttypeid": "4",
      "hl7providerid": 88,
      "lastmodifiedby": "API-21214",
      "appointmentcopay": {
        "collectedforother": 0,
        "collectedforappointment": 0,
        "insurancecopay": 0
      },
      "copay": 0,
      "appointmenttypeid": "4",
      "lastmodified": "10/26/2021 21:41:00",
      "appointmenttype": "PHYSICAL EXAM",
      "providerid": "88",
      "chargeentrynotrequired": false,
      "scheduleddatetime": "10/26/2021 21:40:05",
      "coordinatorenterprise": false,
      "templateappointmentid": "1196870",
      "patientappointmenttypename": "Physical Exam Visit"
    },
    {
      "date": "10/27/2021",
      "appointmentid": "1196878",
      "starttime": "12:00",
      "departmentid": "1",
      "appointmentstatus": "f",
      "scheduledby": "API-18865",
      "patientid": "1313",
      "duration": 45,
      "templateappointmenttypeid": "182",
      "hl7providerid": 22,
      "lastmodifiedby": "API-18865",
      "appointmentcopay": {
        "collectedforother": 0,
        "collectedforappointment": 0,
        "insurancecopay": 0
      },
      "copay": 0,
      "appointmenttypeid": "182",
      "lastmodified": "10/27/2021 02:36:20",
      "appointmenttype": "Cardiology",
      "providerid": "22",
      "chargeentrynotrequired": false,
      "scheduleddatetime": "10/27/2021 02:35:26",
      "coordinatorenterprise": false,
      "templateappointmentid": "1196878",
      "appointmentnotes": [
        {
          "displayonschedule": false,
          "text": "API (NewTest1 - preview (MDP Partner)) appointment created.  Reported reason for booking: Test booking note CPT",
          "id": 50954
        }
      ],
      "patientappointmenttypename": "Cardiology"
    },
    {
      "date": "10/27/2021",
      "appointmentid": "1196879",
      "starttime": "12:00",
      "departmentid": "1",
      "appointmentstatus": "f",
      "scheduledby": "API-18865",
      "patientid": "1313",
      "duration": 45,
      "templateappointmenttypeid": "182",
      "hl7providerid": 22,
      "lastmodifiedby": "API-18865",
      "appointmentcopay": {
        "collectedforother": 0,
        "collectedforappointment": 0,
        "insurancecopay": 0
      },
      "copay": 0,
      "appointmenttypeid": "182",
      "lastmodified": "10/27/2021 04:39:38",
      "appointmenttype": "Cardiology",
      "providerid": "22",
      "chargeentrynotrequired": false,
      "scheduleddatetime": "10/27/2021 04:38:41",
      "coordinatorenterprise": false,
      "templateappointmentid": "1196879",
      "appointmentnotes": [
        {
          "displayonschedule": false,
          "text": "API (NewTest1 - preview (MDP Partner)) appointment created.  Reported reason for booking: Test booking note CPT",
          "id": 50955
        }
      ],
      "patientappointmenttypename": "Cardiology"
    },
    {
      "date": "10/27/2021",
      "appointmentid": "1196880",
      "starttime": "12:00",
      "departmentid": "1",
      "appointmentstatus": "f",
      "scheduledby": "API-18865",
      "patientid": "1313",
      "duration": 45,
      "templateappointmenttypeid": "182",
      "hl7providerid": 22,
      "lastmodifiedby": "API-18865",
      "appointmentcopay": {
        "collectedforother": 0,
        "collectedforappointment": 0,
        "insurancecopay": 0
      },
      "copay": 0,
      "appointmenttypeid": "182",
      "lastmodified": "10/27/2021 04:43:49",
      "appointmenttype": "Cardiology",
      "providerid": "22",
      "chargeentrynotrequired": false,
      "scheduleddatetime": "10/27/2021 04:42:55",
      "coordinatorenterprise": false,
      "templateappointmentid": "1196880",
      "appointmentnotes": [
        {
          "displayonschedule": false,
          "text": "API (NewTest1 - preview (MDP Partner)) appointment created.  Reported reason for booking: Test booking note CPT",
          "id": 50956
        }
      ],
      "patientappointmenttypename": "Cardiology"
    },
    {
      "date": "10/27/2021",
      "appointmentid": "1196881",
      "starttime": "12:00",
      "departmentid": "1",
      "appointmentstatus": "f",
      "scheduledby": "API-18865",
      "patientid": "1313",
      "duration": 45,
      "templateappointmenttypeid": "182",
      "hl7providerid": 22,
      "lastmodifiedby": "API-18865",
      "appointmentcopay": {
        "collectedforother": 0,
        "collectedforappointment": 0,
        "insurancecopay": 0
      },
      "copay": 0,
      "appointmenttypeid": "182",
      "lastmodified": "10/27/2021 04:50:10",
      "appointmenttype": "Cardiology",
      "providerid": "22",
      "chargeentrynotrequired": false,
      "scheduleddatetime": "10/27/2021 04:49:14",
      "coordinatorenterprise": false,
      "templateappointmentid": "1196881",
      "appointmentnotes": [
        {
          "displayonschedule": false,
          "text": "API (NewTest1 - preview (MDP Partner)) appointment created.  Reported reason for booking: Test booking note CPT",
          "id": 50957
        }
      ],
      "patientappointmenttypename": "Cardiology"
    },
    {
      "date": "10/27/2021",
      "appointmentid": "1196890",
      "starttime": "12:00",
      "departmentid": "1",
      "appointmentstatus": "f",
      "scheduledby": "API-18865",
      "patientid": "1313",
      "duration": 45,
      "templateappointmenttypeid": "182",
      "hl7providerid": 22,
      "lastmodifiedby": "API-18865",
      "appointmentcopay": {
        "collectedforother": 0,
        "collectedforappointment": 0,
        "insurancecopay": 0
      },
      "copay": 0,
      "appointmenttypeid": "182",
      "lastmodified": "10/27/2021 06:42:54",
      "appointmenttype": "Cardiology",
      "providerid": "22",
      "chargeentrynotrequired": false,
      "scheduleddatetime": "10/27/2021 06:42:01",
      "coordinatorenterprise": false,
      "templateappointmentid": "1196890",
      "appointmentnotes": [
        {
          "displayonschedule": false,
          "text": "API (NewTest1 - preview (MDP Partner)) appointment created.  Reported reason for booking: Test booking note CPT",
          "id": 50966
        }
      ],
      "patientappointmenttypename": "Cardiology"
    },
    {
      "date": "10/27/2021",
      "appointmentid": "1196891",
      "starttime": "12:00",
      "departmentid": "1",
      "appointmentstatus": "f",
      "scheduledby": "API-18865",
      "patientid": "1313",
      "duration": 45,
      "templateappointmenttypeid": "182",
      "hl7providerid": 22,
      "lastmodifiedby": "API-18865",
      "appointmentcopay": {
        "collectedforother": 0,
        "collectedforappointment": 0,
        "insurancecopay": 0
      },
      "copay": 0,
      "appointmenttypeid": "182",
      "lastmodified": "10/27/2021 06:46:27",
      "appointmenttype": "Cardiology",
      "providerid": "22",
      "chargeentrynotrequired": false,
      "scheduleddatetime": "10/27/2021 06:45:33",
      "coordinatorenterprise": false,
      "templateappointmentid": "1196891",
      "appointmentnotes": [
        {
          "displayonschedule": false,
          "text": "API (NewTest1 - preview (MDP Partner)) appointment created.  Reported reason for booking: Test booking note CPT",
          "id": 50967
        }
      ],
      "patientappointmenttypename": "Cardiology"
    },
    {
      "date": "10/27/2021",
      "appointmentid": "1196892",
      "starttime": "12:00",
      "departmentid": "1",
      "appointmentstatus": "f",
      "scheduledby": "API-18865",
      "patientid": "1313",
      "duration": 45,
      "templateappointmenttypeid": "182",
      "hl7providerid": 22,
      "lastmodifiedby": "API-18865",
      "appointmentcopay": {
        "collectedforother": 0,
        "collectedforappointment": 0,
        "insurancecopay": 0
      },
      "copay": 0,
      "appointmenttypeid": "182",
      "lastmodified": "10/27/2021 06:50:57",
      "appointmenttype": "Cardiology",
      "providerid": "22",
      "chargeentrynotrequired": false,
      "scheduleddatetime": "10/27/2021 06:50:03",
      "coordinatorenterprise": false,
      "templateappointmentid": "1196892",
      "appointmentnotes": [
        {
          "displayonschedule": false,
          "text": "API (NewTest1 - preview (MDP Partner)) appointment created.  Reported reason for booking: Test booking note CPT",
          "id": 50968
        }
      ],
      "patientappointmenttypename": "Cardiology"
    },
    {
      "date": "10/27/2021",
      "appointmentid": "1196893",
      "starttime": "12:00",
      "departmentid": "1",
      "appointmentstatus": "f",
      "scheduledby": "API-18865",
      "patientid": "1313",
      "duration": 45,
      "templateappointmenttypeid": "182",
      "hl7providerid": 22,
      "lastmodifiedby": "API-18865",
      "appointmentcopay": {
        "collectedforother": 0,
        "collectedforappointment": 0,
        "insurancecopay": 0
      },
      "copay": 0,
      "appointmenttypeid": "182",
      "lastmodified": "10/27/2021 06:53:21",
      "appointmenttype": "Cardiology",
      "providerid": "22",
      "chargeentrynotrequired": false,
      "scheduleddatetime": "10/27/2021 06:52:27",
      "coordinatorenterprise": false,
      "templateappointmentid": "1196893",
      "appointmentnotes": [
        {
          "displayonschedule": false,
          "text": "API (NewTest1 - preview (MDP Partner)) appointment created.  Reported reason for booking: Test booking note CPT",
          "id": 50969
        }
      ],
      "patientappointmenttypename": "Cardiology"
    },
    {
      "date": "10/27/2021",
      "appointmentid": "1196894",
      "starttime": "12:00",
      "departmentid": "1",
      "appointmentstatus": "f",
      "scheduledby": "API-18865",
      "patientid": "1313",
      "duration": 45,
      "templateappointmenttypeid": "182",
      "hl7providerid": 22,
      "lastmodifiedby": "API-18865",
      "appointmentcopay": {
        "collectedforother": 0,
        "collectedforappointment": 0,
        "insurancecopay": 0
      },
      "copay": 0,
      "appointmenttypeid": "182",
      "lastmodified": "10/27/2021 06:58:57",
      "appointmenttype": "Cardiology",
      "providerid": "22",
      "chargeentrynotrequired": false,
      "scheduleddatetime": "10/27/2021 06:58:03",
      "coordinatorenterprise": false,
      "templateappointmentid": "1196894",
      "appointmentnotes": [
        {
          "displayonschedule": false,
          "text": "API (NewTest1 - preview (MDP Partner)) appointment created.  Reported reason for booking: Test booking note CPT",
          "id": 50970
        }
      ],
      "patientappointmenttypename": "Cardiology"
    },
    {
      "date": "10/27/2021",
      "appointmentid": "1196895",
      "starttime": "12:00",
      "departmentid": "1",
      "appointmentstatus": "f",
      "scheduledby": "API-18865",
      "patientid": "1313",
      "duration": 45,
      "templateappointmenttypeid": "182",
      "hl7providerid": 22,
      "lastmodifiedby": "API-18865",
      "appointmentcopay": {
        "collectedforother": 0,
        "collectedforappointment": 0,
        "insurancecopay": 0
      },
      "copay": 0,
      "appointmenttypeid": "182",
      "lastmodified": "10/27/2021 07:02:28",
      "appointmenttype": "Cardiology",
      "providerid": "22",
      "chargeentrynotrequired": false,
      "scheduleddatetime": "10/27/2021 07:01:34",
      "coordinatorenterprise": false,
      "templateappointmentid": "1196895",
      "appointmentnotes": [
        {
          "displayonschedule": false,
          "text": "API (NewTest1 - preview (MDP Partner)) appointment created.  Reported reason for booking: Test booking note CPT",
          "id": 50971
        }
      ],
      "patientappointmenttypename": "Cardiology"
    },
    {
      "date": "10/27/2021",
      "appointmentid": "1196896",
      "starttime": "12:00",
      "departmentid": "1",
      "appointmentstatus": "f",
      "scheduledby": "API-18865",
      "patientid": "1313",
      "duration": 45,
      "templateappointmenttypeid": "182",
      "hl7providerid": 22,
      "lastmodifiedby": "API-18865",
      "appointmentcopay": {
        "collectedforother": 0,
        "collectedforappointment": 0,
        "insurancecopay": 0
      },
      "copay": 0,
      "appointmenttypeid": "182",
      "lastmodified": "10/27/2021 07:17:29",
      "appointmenttype": "Cardiology",
      "providerid": "22",
      "chargeentrynotrequired": false,
      "scheduleddatetime": "10/27/2021 07:16:35",
      "coordinatorenterprise": false,
      "templateappointmentid": "1196896",
      "appointmentnotes": [
        {
          "displayonschedule": false,
          "text": "API (NewTest1 - preview (MDP Partner)) appointment created.  Reported reason for booking: Test booking note CPT",
          "id": 50972
        }
      ],
      "patientappointmenttypename": "Cardiology"
    },
    {
      "date": "10/27/2021",
      "appointmentid": "1196897",
      "starttime": "12:00",
      "departmentid": "1",
      "appointmentstatus": "f",
      "scheduledby": "API-18865",
      "patientid": "1313",
      "duration": 45,
      "templateappointmenttypeid": "182",
      "hl7providerid": 22,
      "lastmodifiedby": "API-18865",
      "appointmentcopay": {
        "collectedforother": 0,
        "collectedforappointment": 0,
        "insurancecopay": 0
      },
      "copay": 0,
      "appointmenttypeid": "182",
      "lastmodified": "10/27/2021 07:21:32",
      "appointmenttype": "Cardiology",
      "providerid": "22",
      "chargeentrynotrequired": false,
      "scheduleddatetime": "10/27/2021 07:20:38",
      "coordinatorenterprise": false,
      "templateappointmentid": "1196897",
      "appointmentnotes": [
        {
          "displayonschedule": false,
          "text": "API (NewTest1 - preview (MDP Partner)) appointment created.  Reported reason for booking: Test booking note CPT",
          "id": 50973
        }
      ],
      "patientappointmenttypename": "Cardiology"
    },
    {
      "date": "10/27/2021",
      "appointmentid": "1196898",
      "starttime": "12:00",
      "departmentid": "1",
      "appointmentstatus": "f",
      "scheduledby": "API-18865",
      "patientid": "1313",
      "duration": 45,
      "templateappointmenttypeid": "182",
      "hl7providerid": 22,
      "lastmodifiedby": "API-18865",
      "appointmentcopay": {
        "collectedforother": 0,
        "collectedforappointment": 0,
        "insurancecopay": 0
      },
      "copay": 0,
      "appointmenttypeid": "182",
      "lastmodified": "10/27/2021 07:25:13",
      "appointmenttype": "Cardiology",
      "providerid": "22",
      "chargeentrynotrequired": false,
      "scheduleddatetime": "10/27/2021 07:24:19",
      "coordinatorenterprise": false,
      "templateappointmentid": "1196898",
      "appointmentnotes": [
        {
          "displayonschedule": false,
          "text": "API (NewTest1 - preview (MDP Partner)) appointment created.  Reported reason for booking: Test booking note CPT",
          "id": 50974
        }
      ],
      "patientappointmenttypename": "Cardiology"
    },
    {
      "date": "10/27/2021",
      "appointmentid": "1196899",
      "starttime": "12:00",
      "departmentid": "1",
      "appointmentstatus": "f",
      "scheduledby": "API-18865",
      "patientid": "1313",
      "duration": 45,
      "templateappointmenttypeid": "182",
      "hl7providerid": 22,
      "lastmodifiedby": "API-18865",
      "appointmentcopay": {
        "collectedforother": 0,
        "collectedforappointment": 0,
        "insurancecopay": 0
      },
      "copay": 0,
      "appointmenttypeid": "182",
      "lastmodified": "10/27/2021 07:29:11",
      "appointmenttype": "Cardiology",
      "providerid": "22",
      "chargeentrynotrequired": false,
      "scheduleddatetime": "10/27/2021 07:28:18",
      "coordinatorenterprise": false,
      "templateappointmentid": "1196899",
      "appointmentnotes": [
        {
          "displayonschedule": false,
          "text": "API (NewTest1 - preview (MDP Partner)) appointment created.  Reported reason for booking: Test booking note CPT",
          "id": 50975
        }
      ],
      "patientappointmenttypename": "Cardiology"
    },
    {
      "date": "10/27/2021",
      "appointmentid": "1196882",
      "starttime": "13:00",
      "departmentid": "1",
      "appointmentstatus": "f",
      "scheduledby": "API-18865",
      "patientid": "7924",
      "duration": 45,
      "templateappointmenttypeid": "182",
      "hl7providerid": 22,
      "lastmodifiedby": "API-18865",
      "appointmentcopay": {
        "collectedforother": 0,
        "collectedforappointment": 0,
        "insurancecopay": 0
      },
      "copay": 0,
      "appointmenttypeid": "182",
      "lastmodified": "10/27/2021 05:30:44",
      "appointmenttype": "Cardiology",
      "providerid": "22",
      "chargeentrynotrequired": false,
      "scheduleddatetime": "10/27/2021 05:29:49",
      "coordinatorenterprise": false,
      "templateappointmentid": "1196882",
      "appointmentnotes": [
        {
          "displayonschedule": false,
          "text": "API (NewTest1 - preview (MDP Partner)) appointment created.  Reported reason for booking: Test booking note 789",
          "id": 50962
        }
      ],
      "patientappointmenttypename": "Cardiology"
    },
    {
      "date": "10/27/2021",
      "appointmentid": "1196883",
      "starttime": "13:30",
      "departmentid": "1",
      "appointmentstatus": "f",
      "scheduledby": "API-18865",
      "patientid": "1313",
      "duration": 45,
      "templateappointmenttypeid": "182",
      "hl7providerid": 22,
      "lastmodifiedby": "API-18865",
      "appointmentcopay": {
        "collectedforother": 0,
        "collectedforappointment": 0,
        "insurancecopay": 0
      },
      "copay": 0,
      "appointmenttypeid": "182",
      "lastmodified": "10/27/2021 05:27:01",
      "appointmenttype": "Cardiology",
      "providerid": "22",
      "chargeentrynotrequired": false,
      "scheduleddatetime": "10/27/2021 05:26:08",
      "coordinatorenterprise": false,
      "templateappointmentid": "1196883",
      "appointmentnotes": [
        {
          "displayonschedule": false,
          "text": "API (NewTest1 - preview (MDP Partner)) appointment created.  Reported reason for booking: Test booking note 789",
          "id": 50958
        }
      ],
      "patientappointmenttypename": "Cardiology"
    },
    {
      "date": "10/27/2021",
      "appointmentid": "1196884",
      "starttime": "14:00",
      "departmentid": "1",
      "appointmentstatus": "f",
      "scheduledby": "API-18865",
      "patientid": "12366",
      "duration": 45,
      "templateappointmenttypeid": "182",
      "hl7providerid": 22,
      "lastmodifiedby": "API-18865",
      "appointmentcopay": {
        "collectedforother": 0,
        "collectedforappointment": 0,
        "insurancecopay": 0
      },
      "copay": 0,
      "appointmenttypeid": "182",
      "lastmodified": "10/27/2021 05:29:48",
      "appointmenttype": "Cardiology",
      "providerid": "22",
      "chargeentrynotrequired": false,
      "scheduleddatetime": "10/27/2021 05:28:54",
      "coordinatorenterprise": false,
      "templateappointmentid": "1196884",
      "appointmentnotes": [
        {
          "displayonschedule": false,
          "text": "API (NewTest1 - preview (MDP Partner)) appointment created.  Reported reason for booking: Test booking note 789",
          "id": 50961
        }
      ],
      "patientappointmenttypename": "Cardiology"
    },
    {
      "date": "10/27/2021",
      "appointmentid": "1196885",
      "starttime": "14:30",
      "departmentid": "1",
      "appointmentstatus": "f",
      "scheduledby": "API-18865",
      "patientid": "1670",
      "duration": 45,
      "templateappointmenttypeid": "182",
      "hl7providerid": 22,
      "lastmodifiedby": "API-18865",
      "appointmentcopay": {
        "collectedforother": 0,
        "collectedforappointment": 0,
        "insurancecopay": 0
      },
      "copay": 0,
      "appointmenttypeid": "182",
      "lastmodified": "10/27/2021 05:31:39",
      "appointmenttype": "Cardiology",
      "providerid": "22",
      "chargeentrynotrequired": false,
      "scheduleddatetime": "10/27/2021 05:30:45",
      "coordinatorenterprise": false,
      "templateappointmentid": "1196885",
      "appointmentnotes": [
        {
          "displayonschedule": false,
          "text": "API (NewTest1 - preview (MDP Partner)) appointment created.  Reported reason for booking: Test booking note 789",
          "id": 50963
        }
      ],
      "patientappointmenttypename": "Cardiology"
    },
    {
      "date": "10/27/2021",
      "appointmentid": "1196886",
      "starttime": "15:00",
      "departmentid": "1",
      "appointmentstatus": "f",
      "scheduledby": "API-18865",
      "patientid": "7828",
      "duration": 45,
      "templateappointmenttypeid": "182",
      "hl7providerid": 22,
      "lastmodifiedby": "API-18865",
      "appointmentcopay": {
        "collectedforother": 0,
        "collectedforappointment": 0,
        "insurancecopay": 0
      },
      "copay": 0,
      "appointmenttypeid": "182",
      "lastmodified": "10/27/2021 05:33:30",
      "appointmenttype": "Cardiology",
      "providerid": "22",
      "chargeentrynotrequired": false,
      "scheduleddatetime": "10/27/2021 05:32:36",
      "coordinatorenterprise": false,
      "templateappointmentid": "1196886",
      "appointmentnotes": [
        {
          "displayonschedule": false,
          "text": "API (NewTest1 - preview (MDP Partner)) appointment created.  Reported reason for booking: Test booking note 789",
          "id": 50965
        }
      ],
      "patientappointmenttypename": "Cardiology"
    },
    {
      "date": "10/27/2021",
      "appointmentid": "1196887",
      "starttime": "15:30",
      "departmentid": "1",
      "appointmentstatus": "f",
      "scheduledby": "API-18865",
      "patientid": "8218",
      "duration": 45,
      "templateappointmenttypeid": "182",
      "hl7providerid": 22,
      "lastmodifiedby": "API-18865",
      "appointmentcopay": {
        "collectedforother": 0,
        "collectedforappointment": 0,
        "insurancecopay": 0
      },
      "copay": 0,
      "appointmenttypeid": "182",
      "lastmodified": "10/27/2021 05:27:57",
      "appointmenttype": "Cardiology",
      "providerid": "22",
      "chargeentrynotrequired": false,
      "scheduleddatetime": "10/27/2021 05:27:03",
      "coordinatorenterprise": false,
      "templateappointmentid": "1196887",
      "appointmentnotes": [
        {
          "displayonschedule": false,
          "text": "API (NewTest1 - preview (MDP Partner)) appointment created.  Reported reason for booking: Test booking note 789",
          "id": 50959
        }
      ],
      "patientappointmenttypename": "Cardiology"
    },
    {
      "date": "10/27/2021",
      "appointmentid": "1196888",
      "starttime": "16:00",
      "departmentid": "1",
      "appointmentstatus": "f",
      "scheduledby": "API-18865",
      "patientid": "6750",
      "duration": 45,
      "templateappointmenttypeid": "182",
      "hl7providerid": 22,
      "lastmodifiedby": "API-18865",
      "appointmentcopay": {
        "collectedforother": 0,
        "collectedforappointment": 0,
        "insurancecopay": 0
      },
      "copay": 0,
      "appointmenttypeid": "182",
      "lastmodified": "10/27/2021 05:32:34",
      "appointmenttype": "Cardiology",
      "providerid": "22",
      "chargeentrynotrequired": false,
      "scheduleddatetime": "10/27/2021 05:31:40",
      "coordinatorenterprise": false,
      "templateappointmentid": "1196888",
      "appointmentnotes": [
        {
          "displayonschedule": false,
          "text": "API (NewTest1 - preview (MDP Partner)) appointment created.  Reported reason for booking: Test booking note 789",
          "id": 50964
        }
      ],
      "patientappointmenttypename": "Cardiology"
    },
    {
      "date": "10/27/2021",
      "appointmentid": "1196889",
      "starttime": "16:30",
      "departmentid": "1",
      "appointmentstatus": "f",
      "scheduledby": "API-18865",
      "patientid": "2845",
      "duration": 45,
      "templateappointmenttypeid": "182",
      "hl7providerid": 22,
      "lastmodifiedby": "API-18865",
      "appointmentcopay": {
        "collectedforother": 0,
        "collectedforappointment": 0,
        "insurancecopay": 0
      },
      "copay": 0,
      "appointmenttypeid": "182",
      "lastmodified": "10/27/2021 05:28:53",
      "appointmenttype": "Cardiology",
      "providerid": "22",
      "chargeentrynotrequired": false,
      "scheduleddatetime": "10/27/2021 05:27:59",
      "coordinatorenterprise": false,
      "templateappointmentid": "1196889",
      "appointmentnotes": [
        {
          "displayonschedule": false,
          "text": "API (NewTest1 - preview (MDP Partner)) appointment created.  Reported reason for booking: Test booking note 789",
          "id": 50960
        }
      ],
      "patientappointmenttypename": "Cardiology"
    },
    {
      "date": "10/28/2021",
      "appointmentid": "1196850",
      "starttime": "18:00",
      "departmentid": "1",
      "appointmentstatus": "f",
      "scheduledby": "API-21367",
      "patientid": "35787",
      "duration": 30,
      "templateappointmenttypeid": "742",
      "hl7providerid": 67,
      "lastmodifiedby": "API-21367",
      "appointmentcopay": {
        "collectedforother": 0,
        "collectedforappointment": 0,
        "insurancecopay": 0
      },
      "copay": 0,
      "appointmenttypeid": "742",
      "lastmodified": "10/26/2021 01:08:14",
      "appointmenttype": "Tickler Test",
      "providerid": "67",
      "chargeentrynotrequired": false,
      "scheduleddatetime": "10/26/2021 01:07:19",
      "coordinatorenterprise": false,
      "templateappointmentid": "1196850",
      "patientappointmenttypename": "Tickler Test"
    },
    {
      "date": "10/28/2021",
      "appointmentid": "1196852",
      "starttime": "18:00",
      "departmentid": "1",
      "appointmentstatus": "f",
      "scheduledby": "API-21367",
      "patientid": "35789",
      "duration": 30,
      "templateappointmenttypeid": "742",
      "hl7providerid": 67,
      "lastmodifiedby": "API-21367",
      "appointmentcopay": {
        "collectedforother": 0,
        "collectedforappointment": 0,
        "insurancecopay": 0
      },
      "copay": 0,
      "appointmenttypeid": "742",
      "lastmodified": "10/26/2021 01:28:39",
      "appointmenttype": "Tickler Test",
      "providerid": "67",
      "chargeentrynotrequired": false,
      "scheduleddatetime": "10/26/2021 01:27:45",
      "coordinatorenterprise": false,
      "templateappointmentid": "1196852",
      "patientappointmenttypename": "Tickler Test"
    },
    {
      "date": "10/28/2021",
      "appointmentid": "1196854",
      "starttime": "18:00",
      "departmentid": "1",
      "appointmentstatus": "f",
      "scheduledby": "API-21367",
      "patientid": "35789",
      "duration": 30,
      "templateappointmenttypeid": "742",
      "hl7providerid": 67,
      "lastmodifiedby": "API-21367",
      "appointmentcopay": {
        "collectedforother": 0,
        "collectedforappointment": 0,
        "insurancecopay": 0
      },
      "copay": 0,
      "appointmenttypeid": "742",
      "lastmodified": "10/26/2021 01:32:38",
      "appointmenttype": "Tickler Test",
      "providerid": "67",
      "chargeentrynotrequired": false,
      "scheduleddatetime": "10/26/2021 01:31:39",
      "coordinatorenterprise": false,
      "templateappointmentid": "1196854",
      "patientappointmenttypename": "Tickler Test"
    },
    {
      "date": "10/28/2021",
      "appointmentid": "1196855",
      "starttime": "18:00",
      "departmentid": "1",
      "appointmentstatus": "f",
      "scheduledby": "API-21367",
      "patientid": "35790",
      "duration": 30,
      "templateappointmenttypeid": "742",
      "hl7providerid": 67,
      "lastmodifiedby": "API-21367",
      "appointmentcopay": {
        "collectedforother": 0,
        "collectedforappointment": 0,
        "insurancecopay": 0
      },
      "copay": 0,
      "appointmenttypeid": "742",
      "lastmodified": "10/26/2021 01:34:54",
      "appointmenttype": "Tickler Test",
      "providerid": "67",
      "chargeentrynotrequired": false,
      "scheduleddatetime": "10/26/2021 01:33:58",
      "coordinatorenterprise": false,
      "templateappointmentid": "1196855",
      "patientappointmenttypename": "Tickler Test"
    },
    {
      "date": "10/28/2021",
      "appointmentid": "1196856",
      "starttime": "18:00",
      "departmentid": "1",
      "appointmentstatus": "f",
      "scheduledby": "API-21367",
      "patientid": "35792",
      "duration": 30,
      "templateappointmenttypeid": "742",
      "hl7providerid": 67,
      "lastmodifiedby": "API-21367",
      "appointmentcopay": {
        "collectedforother": 0,
        "collectedforappointment": 0,
        "insurancecopay": 0
      },
      "copay": 0,
      "appointmenttypeid": "742",
      "lastmodified": "10/26/2021 01:45:31",
      "appointmenttype": "Tickler Test",
      "providerid": "67",
      "chargeentrynotrequired": false,
      "scheduleddatetime": "10/26/2021 01:44:37",
      "coordinatorenterprise": false,
      "templateappointmentid": "1196856",
      "patientappointmenttypename": "Tickler Test"
    },
    {
      "date": "10/28/2021",
      "appointmentid": "1196857",
      "starttime": "18:00",
      "departmentid": "1",
      "appointmentstatus": "f",
      "scheduledby": "API-21367",
      "patientid": "35794",
      "duration": 30,
      "templateappointmenttypeid": "742",
      "hl7providerid": 67,
      "lastmodifiedby": "API-21367",
      "appointmentcopay": {
        "collectedforother": 0,
        "collectedforappointment": 0,
        "insurancecopay": 0
      },
      "copay": 0,
      "appointmenttypeid": "742",
      "lastmodified": "10/26/2021 01:48:45",
      "appointmenttype": "Tickler Test",
      "providerid": "67",
      "chargeentrynotrequired": false,
      "scheduleddatetime": "10/26/2021 01:47:51",
      "coordinatorenterprise": false,
      "templateappointmentid": "1196857",
      "patientappointmenttypename": "Tickler Test"
    },
    {
      "date": "10/28/2021",
      "appointmentid": "1196858",
      "starttime": "18:00",
      "departmentid": "1",
      "appointmentstatus": "f",
      "scheduledby": "API-21367",
      "patientid": "35807",
      "duration": 30,
      "templateappointmenttypeid": "742",
      "hl7providerid": 67,
      "lastmodifiedby": "API-21367",
      "appointmentcopay": {
        "collectedforother": 0,
        "collectedforappointment": 0,
        "insurancecopay": 0
      },
      "copay": 0,
      "appointmenttypeid": "742",
      "lastmodified": "10/26/2021 02:16:49",
      "appointmenttype": "Tickler Test",
      "providerid": "67",
      "chargeentrynotrequired": false,
      "scheduleddatetime": "10/26/2021 02:15:56",
      "coordinatorenterprise": false,
      "templateappointmentid": "1196858",
      "patientappointmenttypename": "Tickler Test"
    },
    {
      "date": "10/28/2021",
      "appointmentid": "1196859",
      "starttime": "18:00",
      "departmentid": "1",
      "appointmentstatus": "f",
      "scheduledby": "API-21367",
      "patientid": "35809",
      "duration": 30,
      "templateappointmenttypeid": "742",
      "hl7providerid": 67,
      "lastmodifiedby": "API-21367",
      "appointmentcopay": {
        "collectedforother": 0,
        "collectedforappointment": 0,
        "insurancecopay": 0
      },
      "copay": 0,
      "appointmenttypeid": "742",
      "lastmodified": "10/26/2021 02:21:05",
      "appointmenttype": "Tickler Test",
      "providerid": "67",
      "chargeentrynotrequired": false,
      "scheduleddatetime": "10/26/2021 02:20:13",
      "coordinatorenterprise": false,
      "templateappointmentid": "1196859",
      "patientappointmenttypename": "Tickler Test"
    },
    {
      "date": "10/28/2021",
      "appointmentid": "1196860",
      "starttime": "18:00",
      "departmentid": "1",
      "appointmentstatus": "f",
      "scheduledby": "API-21367",
      "patientid": "35811",
      "duration": 30,
      "templateappointmenttypeid": "742",
      "hl7providerid": 67,
      "lastmodifiedby": "API-21367",
      "appointmentcopay": {
        "collectedforother": 0,
        "collectedforappointment": 0,
        "insurancecopay": 0
      },
      "copay": 0,
      "appointmenttypeid": "742",
      "lastmodified": "10/26/2021 02:35:50",
      "appointmenttype": "Tickler Test",
      "providerid": "67",
      "chargeentrynotrequired": false,
      "scheduleddatetime": "10/26/2021 02:34:56",
      "coordinatorenterprise": false,
      "templateappointmentid": "1196860",
      "patientappointmenttypename": "Tickler Test"
    },
    {
      "date": "10/28/2021",
      "appointmentid": "1196851",
      "starttime": "18:30",
      "departmentid": "1",
      "appointmentstatus": "f",
      "scheduledby": "API-21367",
      "patientid": "35787",
      "duration": 30,
      "templateappointmenttypeid": "742",
      "hl7providerid": 67,
      "lastmodifiedby": "API-21367",
      "appointmentcopay": {
        "collectedforother": 0,
        "collectedforappointment": 0,
        "insurancecopay": 0
      },
      "copay": 0,
      "appointmenttypeid": "742",
      "lastmodified": "10/26/2021 01:09:09",
      "appointmenttype": "Tickler Test",
      "providerid": "67",
      "chargeentrynotrequired": false,
      "scheduleddatetime": "10/26/2021 01:08:16",
      "coordinatorenterprise": false,
      "templateappointmentid": "1196851",
      "patientappointmenttypename": "Tickler Test"
    },
    {
      "date": "10/28/2021",
      "appointmentid": "1196853",
      "starttime": "18:30",
      "departmentid": "1",
      "appointmentstatus": "f",
      "scheduledby": "API-21367",
      "patientid": "35789",
      "duration": 30,
      "templateappointmenttypeid": "742",
      "hl7providerid": 67,
      "lastmodifiedby": "API-21367",
      "appointmentcopay": {
        "collectedforother": 0,
        "collectedforappointment": 0,
        "insurancecopay": 0
      },
      "copay": 0,
      "appointmenttypeid": "742",
      "lastmodified": "10/26/2021 01:29:37",
      "appointmenttype": "Tickler Test",
      "providerid": "67",
      "chargeentrynotrequired": false,
      "scheduleddatetime": "10/26/2021 01:28:41",
      "coordinatorenterprise": false,
      "templateappointmentid": "1196853",
      "patientappointmenttypename": "Tickler Test"
    }
  ]
}