[
  {
    "povertylevelfamilysize": "5",
    "preferredname": "One",
    "racename": "English",
    "donotcall": false,
    "email": "one2120@testemail.com",
    "departmentid": "1",
    "homephone": "2037157215",
    "guarantorstate": "CA",
    "portalaccessgiven": false,
    "driverslicense": false,
    "contactpreference_appointment_email": true,
    "homebound": false,
    "nextkinname": "Peter Parker",
    "contactpreference_appointment_sms": true,
    "driverslicensestateid": "CA",
    "contactpreference_billing_phone": true,
    "sexualorientation": "Straight or heterosexual",
    "ethnicitycode": "2186-5",
    "contactpreference_announcement_phone": true,
    "contactpreference": "HOMEPHONE",
    "contactrelationship": "SPOUSE",
    "guarantorssn": "*****3423",
    "contactpreference_lab_sms": true,
    "guarantordob": "04/25/1945",
    "zip": "90245",
    "guarantoraddresssameaspatient": false,
    "contactmobilephone": "8508087025",
    "portaltermsonfile": false,
    "status": "active",
    "lastname": "Test",
    "guarantorfirstname": "One",
    "city": "EL SEGUNDO",
    "ssn": "*****3423",
    "povertylevelincomedeclined": false,
    "guarantoremail": "one2120@testemail.com",
    "guarantorcity": "MIAMI",
    "middlename": "A",
    "guarantorzip": "44443",
    "sex": "F",
    "privacyinformationverified": false,
    "primarydepartmentid": "1",
    "contactpreference_lab_email": true,
    "balances": [
      {
        "balance": 0,
        "departmentlist": "1,21,102,145,148,150,157,162,166,168",
        "providergroupid": 1,
        "cleanbalance": true
      }
    ],
    "contactpreference_announcement_sms": true,
    "emailexists": true,
    "race": [
      "2110-5"
    ],
    "primaryproviderid": "897",
    "patientphoto": false,
    "consenttocall": true,
    "povertylevelincomerangedeclined": false,
    "contactpreference_billing_email": true,
    "contactname": "TWO",
    "mobilephone": "2342355678",
    "smsoptindate": "10/28/2021",
    "driverslicenseexpirationdate": "01/01/2033",
    "contactpreference_announcement_email": true,
    "hasmobile": true,
    "registrationdate": "10/28/2021",
    "caresummarydeliverypreference": "PORTAL",
    "guarantorlastname": "Test",
    "firstname": "One",
    "guarantorcountrycode": "USA",
    "racecode": "R5.01.002",
    "state": "CA",
    "contactpreference_appointment_phone": true,
    "patientid": "36159",
    "dob": "04/25/1945",
    "guarantorrelationshiptopatient": "1",
    "address1": "2120 Park Ave",
    "guarantoremployerid": "5678",
    "contactpreference_billing_sms": true,
    "guarantorphone": "2037157215",
    "povertylevelfamilysizedeclined": false,
    "povertylevelincomeperpayperiod": "5",
    "maritalstatus": "M",
    "countrycode": "USA",
    "guarantoraddress1": "2122 Park Ave",
    "maritalstatusname": "MARRIED",
    "guarantormiddlename": "A",
    "consenttotext": true,
    "countrycode3166": "US",
    "onlinestatementonly": false,
    "contactpreference_lab_phone": true,
    "assignedsexatbirth": "F",
    "guarantorcountrycode3166": "US"
  }
]