{
  "totalcount": 12,
  "appointments": [
    {
      "date": "10\/28\/2021",
      "appointmentid": "1195739",
      "starttime": "09:00",
      "departmentid": "1",
      "appointmentstatus": "f",
      "scheduledby": "API-21587",
      "patientid": "34349",
      "duration": 30,
      "templateappointmenttypeid": "21",
      "hl7providerid": 1096,
      "lastmodifiedby": "API-21587",
      "appointmentcopay": {
        "collectedforother": 0,
        "collectedforappointment": 0,
        "insurancecopay": 0
      },
      "copay": 0,
      "appointmenttypeid": "4",
      "lastmodified": "10\/19\/2021 10:03:22",
      "appointmenttype": "PHYSICAL EXAM",
      "providerid": "1096",
      "chargeentrynotrequired": false,
      "scheduleddatetime": "10\/19\/2021 10:02:25",
      "coordinatorenterprise": false,
      "templateappointmentid": "1192932",
      "patientappointmenttypename": "Physical Exam Visit"
    },
    {
      "date": "10\/28\/2021",
      "appointmentid": "1196850",
      "starttime": "18:00",
      "departmentid": "1",
      "appointmentstatus": "f",
      "scheduledby": "API-21367",
      "patientid": "35787",
      "duration": 30,
      "templateappointmenttypeid": "742",
      "hl7providerid": 67,
      "lastmodifiedby": "API-21367",
      "appointmentcopay": {
        "collectedforother": 0,
        "collectedforappointment": 0,
        "insurancecopay": 0
      },
      "copay": 0,
      "appointmenttypeid": "742",
      "lastmodified": "10\/26\/2021 01:08:14",
      "appointmenttype": "Tickler Test",
      "providerid": "67",
      "chargeentrynotrequired": false,
      "scheduleddatetime": "10\/26\/2021 01:07:19",
      "coordinatorenterprise": false,
      "templateappointmentid": "1196850",
      "patientappointmenttypename": "Tickler Test"
    },
    {
      "date": "10\/28\/2021",
      "appointmentid": "1196852",
      "starttime": "18:00",
      "departmentid": "1",
      "appointmentstatus": "f",
      "scheduledby": "API-21367",
      "patientid": "35789",
      "duration": 30,
      "templateappointmenttypeid": "742",
      "hl7providerid": 67,
      "lastmodifiedby": "API-21367",
      "appointmentcopay": {
        "collectedforother": 0,
        "collectedforappointment": 0,
        "insurancecopay": 0
      },
      "copay": 0,
      "appointmenttypeid": "742",
      "lastmodified": "10\/26\/2021 01:28:39",
      "appointmenttype": "Tickler Test",
      "providerid": "67",
      "chargeentrynotrequired": false,
      "scheduleddatetime": "10\/26\/2021 01:27:45",
      "coordinatorenterprise": false,
      "templateappointmentid": "1196852",
      "patientappointmenttypename": "Tickler Test"
    },
    {
      "date": "10\/28\/2021",
      "appointmentid": "1196854",
      "starttime": "18:00",
      "departmentid": "1",
      "appointmentstatus": "f",
      "scheduledby": "API-21367",
      "patientid": "35789",
      "duration": 30,
      "templateappointmenttypeid": "742",
      "hl7providerid": 67,
      "lastmodifiedby": "API-21367",
      "appointmentcopay": {
        "collectedforother": 0,
        "collectedforappointment": 0,
        "insurancecopay": 0
      },
      "copay": 0,
      "appointmenttypeid": "742",
      "lastmodified": "10\/26\/2021 01:32:38",
      "appointmenttype": "Tickler Test",
      "providerid": "67",
      "chargeentrynotrequired": false,
      "scheduleddatetime": "10\/26\/2021 01:31:39",
      "coordinatorenterprise": false,
      "templateappointmentid": "1196854",
      "patientappointmenttypename": "Tickler Test"
    },
    {
      "date": "10\/28\/2021",
      "appointmentid": "1196855",
      "starttime": "18:00",
      "departmentid": "1",
      "appointmentstatus": "f",
      "scheduledby": "API-21367",
      "patientid": "35790",
      "duration": 30,
      "templateappointmenttypeid": "742",
      "hl7providerid": 67,
      "lastmodifiedby": "API-21367",
      "appointmentcopay": {
        "collectedforother": 0,
        "collectedforappointment": 0,
        "insurancecopay": 0
      },
      "copay": 0,
      "appointmenttypeid": "742",
      "lastmodified": "10\/26\/2021 01:34:54",
      "appointmenttype": "Tickler Test",
      "providerid": "67",
      "chargeentrynotrequired": false,
      "scheduleddatetime": "10\/26\/2021 01:33:58",
      "coordinatorenterprise": false,
      "templateappointmentid": "1196855",
      "patientappointmenttypename": "Tickler Test"
    },
    {
      "date": "10\/28\/2021",
      "appointmentid": "1196856",
      "starttime": "18:00",
      "departmentid": "1",
      "appointmentstatus": "f",
      "scheduledby": "API-21367",
      "patientid": "35792",
      "duration": 30,
      "templateappointmenttypeid": "742",
      "hl7providerid": 67,
      "lastmodifiedby": "API-21367",
      "appointmentcopay": {
        "collectedforother": 0,
        "collectedforappointment": 0,
        "insurancecopay": 0
      },
      "copay": 0,
      "appointmenttypeid": "742",
      "lastmodified": "10\/26\/2021 01:45:31",
      "appointmenttype": "Tickler Test",
      "providerid": "67",
      "chargeentrynotrequired": false,
      "scheduleddatetime": "10\/26\/2021 01:44:37",
      "coordinatorenterprise": false,
      "templateappointmentid": "1196856",
      "patientappointmenttypename": "Tickler Test"
    },
    {
      "date": "10\/28\/2021",
      "appointmentid": "1196857",
      "starttime": "18:00",
      "departmentid": "1",
      "appointmentstatus": "f",
      "scheduledby": "API-21367",
      "patientid": "35794",
      "duration": 30,
      "templateappointmenttypeid": "742",
      "hl7providerid": 67,
      "lastmodifiedby": "API-21367",
      "appointmentcopay": {
        "collectedforother": 0,
        "collectedforappointment": 0,
        "insurancecopay": 0
      },
      "copay": 0,
      "appointmenttypeid": "742",
      "lastmodified": "10\/26\/2021 01:48:45",
      "appointmenttype": "Tickler Test",
      "providerid": "67",
      "chargeentrynotrequired": false,
      "scheduleddatetime": "10\/26\/2021 01:47:51",
      "coordinatorenterprise": false,
      "templateappointmentid": "1196857",
      "patientappointmenttypename": "Tickler Test"
    },
    {
      "date": "10\/28\/2021",
      "appointmentid": "1196858",
      "starttime": "18:00",
      "departmentid": "1",
      "appointmentstatus": "f",
      "scheduledby": "API-21367",
      "patientid": "35807",
      "duration": 30,
      "templateappointmenttypeid": "742",
      "hl7providerid": 67,
      "lastmodifiedby": "API-21367",
      "appointmentcopay": {
        "collectedforother": 0,
        "collectedforappointment": 0,
        "insurancecopay": 0
      },
      "copay": 0,
      "appointmenttypeid": "742",
      "lastmodified": "10\/26\/2021 02:16:49",
      "appointmenttype": "Tickler Test",
      "providerid": "67",
      "chargeentrynotrequired": false,
      "scheduleddatetime": "10\/26\/2021 02:15:56",
      "coordinatorenterprise": false,
      "templateappointmentid": "1196858",
      "patientappointmenttypename": "Tickler Test"
    },
    {
      "date": "10\/28\/2021",
      "appointmentid": "1196859",
      "starttime": "18:00",
      "departmentid": "1",
      "appointmentstatus": "f",
      "scheduledby": "API-21367",
      "patientid": "35809",
      "duration": 30,
      "templateappointmenttypeid": "742",
      "hl7providerid": 67,
      "lastmodifiedby": "API-21367",
      "appointmentcopay": {
        "collectedforother": 0,
        "collectedforappointment": 0,
        "insurancecopay": 0
      },
      "copay": 0,
      "appointmenttypeid": "742",
      "lastmodified": "10\/26\/2021 02:21:05",
      "appointmenttype": "Tickler Test",
      "providerid": "67",
      "chargeentrynotrequired": false,
      "scheduleddatetime": "10\/26\/2021 02:20:13",
      "coordinatorenterprise": false,
      "templateappointmentid": "1196859",
      "patientappointmenttypename": "Tickler Test"
    },
    {
      "date": "10\/28\/2021",
      "appointmentid": "1196860",
      "starttime": "18:00",
      "departmentid": "1",
      "appointmentstatus": "f",
      "scheduledby": "API-21367",
      "patientid": "35811",
      "duration": 30,
      "templateappointmenttypeid": "742",
      "hl7providerid": 67,
      "lastmodifiedby": "API-21367",
      "appointmentcopay": {
        "collectedforother": 0,
        "collectedforappointment": 0,
        "insurancecopay": 0
      },
      "copay": 0,
      "appointmenttypeid": "742",
      "lastmodified": "10\/26\/2021 02:35:50",
      "appointmenttype": "Tickler Test",
      "providerid": "67",
      "chargeentrynotrequired": false,
      "scheduleddatetime": "10\/26\/2021 02:34:56",
      "coordinatorenterprise": false,
      "templateappointmentid": "1196860",
      "patientappointmenttypename": "Tickler Test"
    },
    {
      "date": "10\/28\/2021",
      "appointmentid": "1196851",
      "starttime": "18:30",
      "departmentid": "1",
      "appointmentstatus": "f",
      "scheduledby": "API-21367",
      "patientid": "35787",
      "duration": 30,
      "templateappointmenttypeid": "742",
      "hl7providerid": 67,
      "lastmodifiedby": "API-21367",
      "appointmentcopay": {
        "collectedforother": 0,
        "collectedforappointment": 0,
        "insurancecopay": 0
      },
      "copay": 0,
      "appointmenttypeid": "742",
      "lastmodified": "10\/26\/2021 01:09:09",
      "appointmenttype": "Tickler Test",
      "providerid": "67",
      "chargeentrynotrequired": false,
      "scheduleddatetime": "10\/26\/2021 01:08:16",
      "coordinatorenterprise": false,
      "templateappointmentid": "1196851",
      "patientappointmenttypename": "Tickler Test"
    },
    {
      "date": "10\/28\/2021",
      "appointmentid": "1196853",
      "starttime": "18:30",
      "departmentid": "1",
      "appointmentstatus": "f",
      "scheduledby": "API-21367",
      "patientid": "35789",
      "duration": 30,
      "templateappointmenttypeid": "742",
      "hl7providerid": 67,
      "lastmodifiedby": "API-21367",
      "appointmentcopay": {
        "collectedforother": 0,
        "collectedforappointment": 0,
        "insurancecopay": 0
      },
      "copay": 0,
      "appointmenttypeid": "742",
      "lastmodified": "10\/26\/2021 01:29:37",
      "appointmenttype": "Tickler Test",
      "providerid": "67",
      "chargeentrynotrequired": false,
      "scheduleddatetime": "10\/26\/2021 01:28:41",
      "coordinatorenterprise": false,
      "templateappointmentid": "1196853",
      "patientappointmenttypename": "Tickler Test"
    }
  ]
}